name,email,signup_date,city,marketing_segment
Victoria Massey,oheath@example.com,2019-01-01,Sydney,B
Cathy Barnes,brian65@example.net,2019-01-07,Sydney,
Vicki Hernandez,nicholas09@example.org,2019-01-08,Manchester,C
Kimberly Chan,gouldchristina@example.com,2019-01-11,Chicago,VIP
Bethany Holmes,wilsonjerry@example.net,2019-01-13,Sydney,
Timothy White,hilljamie@example.net,2019-01-14,Los Angeles,B
Alexandra Hodge,robertsonjennifer@example.com,2019-01-15,Berlin,VIP
Krystal Levine,april91@example.com,2019-01-20,Bangkok,C
Luke Miller,pparker@example.net,2019-01-20,New York,C
Adrian Lee,lori69@example.net,2019-01-22,Mumbai,A
David Small,brownalexa@example.com,2019-01-23,Mumbai,C
Christopher Mason,michaelmccarthy@example.com,2019-01-25,London,B
Paul Phelps,john86@example.com,2019-01-26,Chicago,VIP
Debbie King,ucarr@example.org,2019-02-01,Paris,A
David Smith,amassey@example.net,2019-02-03,Toronto,VIP
Matthew Fox,sue78@example.com,2019-02-03,Munich,VIP
Gregory Holmes Phd,gary24@example.net,2019-02-04,New York,
Karen Avery,wlucas@example.net,2019-02-05,Manchester,C
Keith Henry,vjohnston@example.org,2019-02-05,Bangkok,C
Martha Arnold,melissamartin@example.com,2019-02-05,Mumbai,
Amanda Swanson,michaelsherman@example.com,2019-02-08,Paris,VIP
David Johnson,alexandernicholas@example.net,2019-02-13,Toronto,
Henry Lutz,davidbrown@example.org,2019-02-14,Melbourne,A
Jesse Guzman,byoung@example.com,2019-02-14,Toronto,B
Marcus Rich,housedaniel@example.com,2019-02-15,Chicago,C
Judy Gregory,joycehall@example.org,2019-02-15,Munich,C
Steven Butler,michaelking@example.net,2019-02-16,London,C
Timothy Garcia,schultzwesley@example.org,2019-02-17,Sydney,B
Megan Park,kandrade@example.org,2019-02-21,Los Angeles,VIP
Jason Potter,dmorales@example.net,2019-02-22,Paris,VIP
Randy Cannon,ybrooks@example.com,2019-02-23,Berlin,B
Michael Santos,bliu@example.com,2019-02-23,New York,A
Michelle Barrera,jamie46@example.net,2019-02-24,Munich,
Andrew Chavez,duncanandre@example.net,2019-03-02,Berlin,
Danielle Murphy,patriciavargas@example.org,2019-03-06,Mumbai,C
Zachary Hicks,camposmichelle@example.org,2019-03-07,Mumbai,
Kenneth Turner,rebeccajames@example.org,2019-03-08,New York,
Mr. Jonathan Anderson,tapiamercedes@example.net,2019-03-11,Toronto,C
Bruce Harris,eric47@example.net,2019-03-11,Toronto,
David Baird Dds,jcalhoun@example.com,2019-03-11,Vancouver,A
Richard Weiss,kimberly66@example.net,2019-03-12,Mumbai,C
Alan Waller,,2019-03-14,Chicago,A
Stephen Alvarez,rmiller@example.net,2019-03-15,Chicago,VIP
Lisa Gonzalez,mccoyjames@example.org,2019-03-22,Mumbai,
Kevin Estrada,sloanbenjamin@example.net,2019-03-22,Singapore,B
Robert Mendez,qgay@example.com,2019-03-23,Manchester,C
Nicole Hale,theodore57@example.net,2019-03-24,Vancouver,C
Deanna Bartlett,millerangela@example.net,2019-03-27,Singapore,
Jessica Odonnell,ashleyjohnson@example.com,2019-03-30,Singapore,
Joshua Shepard,gallegoscrystal@example.com,2019-04-03,London,C
Daniel Adams,lynchgeorge@example.net,2019-04-04,Los Angeles,C
Tina Wu,debbie20@example.net,2019-04-04,Singapore,C
Margaret Jones,morganfarrell@example.org,2019-04-04,Sydney,C
Denise Stuart,shawn22@example.com,2019-04-14,Berlin,B
Mary Lee,jimwilliams@example.org,2019-04-15,Singapore,A
Rickey Hall,lovepaul@example.net,2019-04-17,Berlin,A
Abigail Hill,barbaramoore@example.org,2019-04-22,Sydney,C
Charles Price,baileyhenderson@example.com,2019-04-24,Singapore,VIP
Heather Williams,westashley@example.org,2019-04-24,Manchester,VIP
Austin Wheeler,tharper@example.org,2019-04-24,Mumbai,B
Jennifer Warren,kristin96@example.com,2019-04-25,Los Angeles,B
Timothy Bauer,james80@example.net,2019-04-26,Bangkok,C
Alicia Wagner,longgary@example.com,2019-04-28,Sydney,B
Ruben Cruz,victoriahamilton@example.net,2019-05-06,Berlin,VIP
Stephen Jones,mcclainmelissa@example.net,2019-05-07,Paris,VIP
Tommy Ball,tracyadams@example.com,2019-05-08,Bangkok,A
Ashley Sweeney,byrdfrank@example.net,2019-05-08,Toronto,A
Crystal Carlson,uclark@example.org,2019-05-10,Berlin,VIP
Jenna Watson,fletcherjanet@example.org,2019-05-10,Sydney,VIP
Rachel Kelly,gomezpaul@example.org,2019-05-11,Toronto,VIP
Evan Myers,qcoleman@example.org,2019-05-11,Berlin,
Brent Smith,markfigueroa@example.com,2019-05-11,Munich,
Elizabeth Brock,ualvarado@example.org,2019-05-13,Munich,VIP
Ashley Duran,gregory14@example.org,2019-05-14,Sydney,
Kenneth Farley,taylorkaren@example.com,2019-05-18,Toronto,C
David Harris,ramseyeric@example.net,2019-05-19,Manchester,VIP
Steven Hicks,emartin@example.com,2019-05-20,Chicago,
Michael Howard,manderson@example.com,2019-05-23,Paris,A
Nicole Moore,zamoraamber@example.com,2019-05-24,Singapore,VIP
Bob Pitts,tyleraguilar@example.org,2019-05-27,Chicago,VIP
Stacey Russell,sarayoung@example.org,2019-05-29,Bangkok,VIP
Michael Sims,jeremywiley@example.com,2019-05-30,Singapore,VIP
Tammy Boone,nicholsmaria@example.org,2019-05-30,Berlin,B
Gina Vega,james01@example.com,2019-05-30,Singapore,B
Pamela Perry,newtonamber@example.org,2019-06-02,Manchester,VIP
Paul Finley,brandi90@example.com,2019-06-03,New York,B
Makayla Steele,tapiaaaron@example.net,2019-06-07,Bangkok,VIP
Jessica Carey,,2019-06-07,Toronto,A
Carl Stein,david70@example.org,2019-06-07,Singapore,A
Samantha Gardner,curtis54@example.com,2019-06-09,Bangkok,C
Zachary Santiago,alexanderwong@example.org,2019-06-10,Bangkok,
Philip Hall,mike03@example.net,2019-06-10,Manchester,C
Patrick Santana,elizabethvaughan@example.net,2019-06-10,Chicago,
Oscar Carroll,sandrahickman@example.net,2019-06-12,Manchester,VIP
Megan Floyd,heather62@example.com,2019-06-16,New York,C
Beth Shaw,josephross@example.net,2019-06-18,Chicago,A
Mary Jones,reginajenkins@example.net,2019-06-18,Los Angeles,
Ashley Lee,ijackson@example.com,2019-06-20,London,C
Tammy Mendoza,hannah27@example.net,2019-06-29,Chicago,B
Thomas Barton,taylorrachel@example.com,2019-06-29,Los Angeles,VIP
Elizabeth Hanna,ramirezchelsea@example.com,2019-07-02,Mumbai,A
Dennis Cooper Phd,cisnerosanthony@example.com,2019-07-04,Berlin,
Mary Lewis,foxashley@example.com,2019-07-05,New York,C
Donald Schultz,oscar98@example.com,2019-07-05,Melbourne,C
Chris Hanson,twagner@example.org,2019-07-05,Los Angeles,A
Deborah Mason,williamrodriguez@example.net,2019-07-06,Berlin,
Brandy Quinn,wford@example.com,2019-07-06,Vancouver,C
Stephanie Evans,zacharyallen@example.org,2019-07-06,Sydney,VIP
Rachel Romero,myerstheodore@example.net,2019-07-07,New York,VIP
Monica Herrera,smiller@example.net,2019-07-09,Los Angeles,B
Phillip Nelson,mariahdavis@example.org,2019-07-10,Los Angeles,C
Jorge Bates,anna99@example.com,2019-07-11,Vancouver,B
Tyler Shields,csparks@example.net,2019-07-12,Los Angeles,
Jane Wells,isaac45@example.org,2019-07-12,Singapore,B
Dorothy Brown,marystone@example.com,2019-07-13,Chicago,VIP
Nicholas Parker,wdavis@example.net,2019-07-13,Sydney,A
Adrian Gibbs,leroy57@example.com,2019-07-15,Bangkok,VIP
Eric Fowler,charlesyoung@example.net,2019-07-15,London,A
Hannah Thompson,wwatson@example.com,2019-07-16,Chicago,B
Cindy Wells,uramirez@example.com,2019-07-17,Los Angeles,B
William Hoffman,uvasquez@example.org,2019-07-19,Munich,A
Veronica Silva,carlsonjoseph@example.net,2019-07-22,Bangkok,VIP
Nina Bernard,karenshaw@example.org,2019-07-24,Chicago,C
John Massey,katherinerussell@example.org,2019-07-24,Mumbai,C
Laura Williams,nathan29@example.net,2019-07-25,Manchester,VIP
Corey Jones,,2019-07-27,Melbourne,C
Heather Diaz,kmoore@example.org,2019-07-27,Los Angeles,A
Stephanie Bishop,isabellagriffin@example.org,2019-07-31,Vancouver,VIP
Danielle Reed,jhernandez@example.net,2019-08-01,Vancouver,B
Alicia Irwin,donnathomas@example.com,2019-08-02,Chicago,VIP
Jason Miller,,2019-08-02,New York,VIP
Gregory Frazier,barbarasantos@example.net,2019-08-03,Bangkok,A
Michael Cross,smoore@example.org,2019-08-07,Los Angeles,VIP
Patrick Moses,smitchell@example.com,2019-08-08,Sydney,
Allison Wise,kwood@example.org,2019-08-14,Munich,VIP
Tanya Foster,pfowler@example.org,2019-08-16,Chicago,C
Aimee Fisher,,2019-08-17,Vancouver,VIP
Adam Mccoy,fpetty@example.net,2019-08-17,Melbourne,A
Thomas Norton,amandabenson@example.com,2019-08-19,Melbourne,VIP
Beth Henderson,oharris@example.org,2019-08-22,Paris,A
Alexandra Smith,molly91@example.org,2019-08-23,New York,C
Barbara Sherman,shepardjoy@example.com,2019-08-23,Manchester,B
Jessica Meadows,vmerritt@example.com,2019-08-25,New York,A
Dr. Kimberly Henderson,dwilliams@example.net,2019-08-26,Munich,
Jordan Bullock,michael23@example.org,2019-08-26,Berlin,B
Leslie Powers,david41@example.org,2019-08-27,Berlin,C
Matthew Moss,brianmorrow@example.org,2019-08-28,Los Angeles,C
Walter Palmer,bensonstanley@example.org,2019-08-31,Manchester,
Chris Johnson,steven86@example.com,2019-08-31,New York,A
Laurie Mason,nicholas72@example.net,2019-09-03,Vancouver,VIP
Sarah Rivera,xmoran@example.net,2019-09-05,Manchester,
Daniel Green,matthewspencer@example.org,2019-09-06,Vancouver,VIP
Raymond Barber,dennismckenzie@example.com,2019-09-06,Berlin,
Adam Howe,,2019-09-08,Munich,A
Mr. William Bray,petermoore@example.com,2019-09-08,London,A
Cory Harris,christopheranderson@example.com,2019-09-10,Manchester,A
Alan Johnson,rogersjames@example.net,2019-09-11,London,C
Jennifer Bautista,nicolemoore@example.net,2019-09-14,Vancouver,B
Hailey Beltran,joshuabowers@example.com,2019-09-16,Los Angeles,B
Lynn Yang,eroberts@example.net,2019-09-16,Singapore,
Andrew Hunter,carolfernandez@example.net,2019-09-16,Munich,VIP
Richard Adams,campbellkenneth@example.net,2019-09-17,Munich,B
James Torres,nicholas97@example.org,2019-09-20,New York,
Nathan Sparks,daniellecoleman@example.org,2019-09-21,Paris,A
Jason Velazquez,jacksonjoshua@example.org,2019-09-22,Berlin,C
Jessica Ross,ykline@example.com,2019-09-22,Chicago,B
Blake Sosa,waustin@example.net,2019-09-23,Los Angeles,B
Adriana Davenport,gpeterson@example.org,2019-09-24,Paris,
Claire Clark,kevin03@example.org,2019-09-25,Manchester,VIP
Nathaniel Douglas,mathewaguilar@example.org,2019-09-27,New York,
Jonathan Collins,stephaniezamora@example.org,2019-09-27,Bangkok,B
Jason Salinas,vickiwood@example.org,2019-10-03,Berlin,VIP
Jonathan Pham,cynthia74@example.org,2019-10-07,London,B
Sarah Wallace,fsnyder@example.org,2019-10-09,Paris,
Kimberly Irwin,sharphailey@example.net,2019-10-10,Mumbai,VIP
Julie Wilson,delacruzbrandy@example.net,2019-10-14,Los Angeles,
Pamela Lewis,luke87@example.org,2019-10-15,Bangkok,C
Timothy Patterson,stonecody@example.net,2019-10-15,Chicago,A
Paul Thompson,opatel@example.net,2019-10-16,Los Angeles,B
Dylan Mills,watsonvickie@example.com,2019-10-17,Melbourne,
Kayla Fisher,brent67@example.net,2019-10-17,Chicago,A
Thomas Williams,kchaney@example.net,2019-10-17,Bangkok,A
Seth Barker,taylordavis@example.com,2019-10-17,Los Angeles,A
Tamara Brown,jeremy75@example.org,2019-10-18,London,
Melissa Brown,marshallerik@example.net,2019-10-20,New York,C
Tricia Valencia,frazierdanny@example.net,2019-10-20,Berlin,C
Jackie Clements,brandi17@example.net,2019-10-21,Bangkok,C
Michael Morrison,lopezkathleen@example.net,2019-10-22,Paris,VIP
Emily Reyes,scottbaker@example.org,2019-10-22,Los Angeles,A
Paula Johnson,bconrad@example.org,2019-10-23,Toronto,A
Steven Sandoval,blairabigail@example.net,2019-10-23,Sydney,B
Rachel Holland,riveraangela@example.com,2019-10-24,Mumbai,
Monica Lopez,katie43@example.net,2019-10-25,Sydney,C
Curtis Krause,heidi41@example.com,2019-10-27,Bangkok,VIP
Ashley Roach,lisa89@example.net,2019-10-31,Vancouver,
Michael Thompson,annettegutierrez@example.org,2019-11-01,Sydney,VIP
Laura Jones,ddixon@example.com,2019-11-01,Munich,B
Pamela Williams,ksmith@example.com,2019-11-02,Manchester,B
Richard King,joshua40@example.net,2019-11-03,Melbourne,A
Ashley Cooper,fordjames@example.org,2019-11-05,Toronto,B
Jeffery Jordan,tyler31@example.net,2019-11-05,Melbourne,VIP
Katherine Dunn,barnettmatthew@example.net,2019-11-09,Singapore,C
Amanda Taylor,dorothy87@example.org,2019-11-10,Manchester,C
Theresa Reilly,adamrodgers@example.net,2019-11-10,Toronto,B
Dustin Noble,haydenroger@example.net,2019-11-12,Sydney,
Norma Smith,michelleperez@example.net,2019-11-12,New York,B
Danielle Ryan,robertstimothy@example.com,2019-11-14,Melbourne,VIP
Heather Page,imartin@example.org,2019-11-14,London,B
Kayla Rodriguez,stevenadams@example.org,2019-11-14,Chicago,A
Kevin Farmer,lindabryan@example.org,2019-11-17,Paris,B
Natalie Patrick,,2019-11-21,Munich,C
Theresa Gardner,hollyperkins@example.net,2019-11-24,Mumbai,
Shawn Lozano,arobinson@example.net,2019-11-26,Bangkok,VIP
Deanna Munoz,taylordawn@example.com,2019-11-26,Singapore,C
Lisa Rodriguez,webbhaley@example.net,2019-11-26,Paris,
Kathy Sandoval,umahoney@example.net,2019-11-26,Singapore,A
John Martinez,mark68@example.org,2019-11-27,Paris,
Renee Mcdaniel,michaeljones@example.net,2019-11-27,Vancouver,C
Lucas Cox,karlwilliams@example.net,2019-11-27,Chicago,C
Jessica Torres,justin75@example.net,2019-12-01,Munich,VIP
Cathy Mcdonald,mcox@example.net,2019-12-03,Vancouver,A
Clinton Jensen,james29@example.org,2019-12-04,Sydney,A
Kathleen Davis,pwagner@example.org,2019-12-06,Bangkok,A
Patricia Parker,schneiderchristopher@example.net,2019-12-11,Manchester,A
Jessica Martinez,kimberlydiaz@example.com,2019-12-11,Singapore,C
William White,wilsonzachary@example.com,2019-12-12,Mumbai,C
Heidi Stephens,qrowland@example.org,2019-12-14,Vancouver,A
Brandon Simmons,nicholas27@example.org,2019-12-15,Chicago,A
Andrew Armstrong,fmedina@example.com,2019-12-15,London,VIP
James Wood,carpenterjorge@example.net,2019-12-16,Mumbai,C
April Johnson,mclaughlinjared@example.net,2019-12-16,Berlin,
Brandon Cruz,ronaldmitchell@example.com,2019-12-17,Los Angeles,VIP
Stephanie Freeman,,2019-12-23,Bangkok,A
Brandon Huynh,james23@example.com,2019-12-23,Bangkok,VIP
Catherine Saunders Md,nhahn@example.com,2019-12-25,Bangkok,C
Mrs. Emily Waters,arobinson@example.org,2019-12-27,Los Angeles,
Kyle Collins,aperez@example.com,2019-12-29,Los Angeles,B
Allison Lopez,hmcintyre@example.com,2019-12-29,Los Angeles,A
Tamara Reid,sheltontiffany@example.com,2019-12-31,Melbourne,
Thomas Curry,bryan79@example.org,2020-01-04,Berlin,A
Melissa Sullivan,jessicamills@example.org,2020-01-06,Paris,B
Krystal Moore,grantstacy@example.org,2020-01-12,Chicago,VIP
John Johnson,nicholas65@example.net,2020-01-14,New York,B
Jeremy Evans,larsonmichael@example.org,2020-01-14,Berlin,
Patricia Bruce,janicebolton@example.net,2020-01-16,Toronto,A
William Nichols,karmstrong@example.net,2020-01-16,Toronto,VIP
Jeremiah Baker,anne21@example.org,2020-01-19,Chicago,C
Alicia Olson,scannon@example.org,2020-01-24,Bangkok,
Erika Garcia,ykane@example.org,2020-01-24,Berlin,A
Susan Black,haleylove@example.org,2020-01-27,Mumbai,C
Brian Soto,williamstanya@example.net,2020-01-29,Melbourne,B
Anna Gay,murraydavid@example.org,2020-01-30,Melbourne,A
Michael Farmer,carlsonjason@example.net,2020-01-30,Manchester,B
Kevin Blake,deborahturner@example.org,2020-01-31,Los Angeles,
Jeffery Adams,kwatkins@example.net,2020-01-31,Toronto,C
Sheryl Thompson,lisawallace@example.net,2020-02-01,Los Angeles,VIP
Michael Hancock,,2020-02-01,London,A
Kelly Combs,landryelizabeth@example.org,2020-02-03,Munich,C
Chloe Freeman,,2020-02-04,Bangkok,C
Dr. Dustin Sutton Jr.,lopezchristopher@example.net,2020-02-07,Melbourne,B
James Whitaker,,2020-02-10,London,
Tanya Goodwin,transtephanie@example.net,2020-02-10,Chicago,C
Jonathan Moreno,tranryan@example.net,2020-02-10,Chicago,C
Christie Fox,james18@example.com,2020-02-10,Munich,VIP
Brad Allen,moorericky@example.net,2020-02-11,Melbourne,C
Richard Kelly,champton@example.org,2020-02-11,Berlin,
John Boone,megan51@example.com,2020-02-12,Vancouver,VIP
Tina Williams,alyssa18@example.org,2020-02-12,Chicago,A
William Smith,qnelson@example.net,2020-02-12,Manchester,A
Kenneth Dominguez,vhoward@example.org,2020-02-12,Chicago,B
William Becker,andersoncolin@example.com,2020-02-13,Mumbai,
Leslie Moody,gcastro@example.org,2020-02-13,Chicago,A
Kayla Williams,shafferjill@example.com,2020-02-13,New York,B
David Robinson,sarah53@example.org,2020-02-13,Toronto,C
Ernest Oconnell,kelly79@example.org,2020-02-13,Sydney,VIP
Jennifer Jones,hernandezlisa@example.com,2020-02-13,Toronto,
Matthew Steele,arianadiaz@example.com,2020-02-13,Berlin,
Keith Choi,jamesbass@example.net,2020-02-19,New York,C
Erika Watson Phd,umckenzie@example.net,2020-02-22,Vancouver,VIP
Michelle Sanders,evansanne@example.net,2020-02-22,Melbourne,VIP
Shane Moore,charles93@example.net,2020-02-23,Bangkok,B
Mrs. Maria Williams,hritter@example.net,2020-02-25,Paris,B
Andrea Townsend,tammy17@example.com,2020-02-29,Manchester,A
Brett Walker,seanmyers@example.net,2020-03-05,Singapore,A
Susan Smith,sanchezangela@example.org,2020-03-05,Vancouver,B
Sydney Bennett,pattonbryan@example.com,2020-03-05,Melbourne,
Eric Knox,georgemaldonado@example.org,2020-03-05,Manchester,
Rebecca Ramsey,ncalhoun@example.net,2020-03-06,Vancouver,
Rita Forbes,russomary@example.com,2020-03-07,Melbourne,A
Jose Harrison,robert44@example.org,2020-03-07,Manchester,B
Amanda Mckenzie,troy73@example.org,2020-03-09,Munich,A
Mr. Bryan Mckinney,shannon51@example.org,2020-03-14,Munich,C
Mary Rogers,lrosales@example.com,2020-03-14,Melbourne,B
Fernando Lynn,petersonpamela@example.org,2020-03-15,Melbourne,C
Kevin Werner,rodriguezchristina@example.net,2020-03-19,Singapore,C
Michael Burke,zjackson@example.org,2020-03-19,Toronto,A
Jeremy Turner,brittany58@example.org,2020-03-20,London,A
Keith Villanueva,george43@example.com,2020-03-21,Bangkok,
Alexander Collins,tsanders@example.org,2020-03-24,Manchester,B
Lori Johns,raymondstacy@example.org,2020-03-26,Munich,B
Richard Simmons,oconnelldavid@example.org,2020-03-26,Chicago,A
Abigail Shaffer,jpeterson@example.org,2020-03-27,Manchester,C
Stacey Stewart,zachary87@example.com,2020-03-27,New York,A
Charlotte Sandoval,njohnson@example.org,2020-03-28,Paris,VIP
Joseph Mendoza,chavezjohn@example.net,2020-03-28,London,B
Robert Cruz,jacobjacobs@example.net,2020-03-30,Manchester,C
Julian Leon,vdeleon@example.com,2020-04-01,Bangkok,VIP
James Jefferson,zbanks@example.org,2020-04-02,Chicago,A
Lisa Flynn,lee16@example.com,2020-04-03,Mumbai,C
Melissa Carroll,nunezgary@example.net,2020-04-04,Berlin,
Melissa Mendoza,robinsonjesse@example.org,2020-04-04,Bangkok,B
Paul Diaz,,2020-04-04,Toronto,
John Peterson,kingmichelle@example.org,2020-04-04,London,VIP
Gregory Martin,joshua73@example.org,2020-04-05,Singapore,
Sarah Roberts,kevinmendez@example.org,2020-04-09,Toronto,
Craig Hurst,swilson@example.com,2020-04-16,Paris,C
Kevin Gilmore,yvang@example.org,2020-04-19,Mumbai,C
Stacey Snyder,ybell@example.org,2020-04-19,Berlin,C
Lisa Williams,sydney77@example.com,2020-04-20,Los Angeles,
Robert West,brandon94@example.org,2020-04-21,London,C
Kim Jensen,kingjoseph@example.com,2020-04-21,Singapore,
Michael Martinez,,2020-04-23,Melbourne,VIP
Ashlee Jackson,rebecca05@example.org,2020-04-23,Sydney,A
Sherry Adams,georgeharris@example.net,2020-04-23,Berlin,A
Rachel Martinez,tammymerritt@example.org,2020-04-25,Bangkok,C
Derrick King,martinezashley@example.com,2020-04-25,Paris,C
Chelsea Austin,leahbarker@example.org,2020-04-27,Sydney,
Jillian Wilson,bmcgee@example.org,2020-04-29,Chicago,C
Timothy Ryan,cainjordan@example.org,2020-04-30,Singapore,C
Tammy Allison,richardolson@example.com,2020-05-02,Munich,C
Jeffrey Garza,bentongeorge@example.net,2020-05-03,Vancouver,VIP
Matthew Greene,collinclark@example.net,2020-05-03,Los Angeles,
Gavin Zhang,,2020-05-04,Melbourne,C
Randall Wright,tspencer@example.com,2020-05-05,New York,A
Joseph Rose,deanna17@example.org,2020-05-06,Berlin,VIP
David Sanchez,jerry51@example.net,2020-05-08,Munich,A
Melody Baker,rmorgan@example.net,2020-05-09,Paris,VIP
Leslie Bennett,ortizrobin@example.com,2020-05-12,New York,A
Tammy Morris,,2020-05-13,Singapore,VIP
David Medina,qchavez@example.net,2020-05-14,Berlin,VIP
Christine Aguilar,baileychristopher@example.com,2020-05-14,Bangkok,C
Taylor Mullins,anthonydavis@example.net,2020-05-14,Toronto,B
Mr. William Davis Dds,carolberry@example.com,2020-05-15,New York,
Mrs. Marie Harrington Dds,herringjames@example.org,2020-05-16,New York,VIP
Mark Munoz,lisawalker@example.com,2020-05-17,New York,
Matthew Diaz,woodskaitlyn@example.net,2020-05-17,Mumbai,VIP
William Morgan,bmartinez@example.net,2020-05-18,Bangkok,C
John Woodard,devon88@example.org,2020-05-19,Paris,A
Michael Hoffman,jonesnicole@example.org,2020-05-19,Paris,A
Mrs. Shannon Jacobson,xcrosby@example.org,2020-05-20,Bangkok,C
Ethan Garza,pbaker@example.org,2020-05-24,Manchester,C
Tara Jones,andrew88@example.com,2020-05-24,Toronto,A
Stephanie Walls,abrown@example.net,2020-05-24,Mumbai,A
Grant Lucas,todd88@example.com,2020-05-26,Paris,A
Leslie Nguyen,julievillanueva@example.org,2020-05-28,Chicago,VIP
Julian Ponce,kentprice@example.org,2020-05-28,Manchester,B
Phillip Lewis,roberthamilton@example.net,2020-05-30,New York,C
Christine Parker,kelly15@example.com,2020-05-31,Paris,A
Christian Hernandez,audrey81@example.com,2020-05-31,Vancouver,C
Diana Haley,hphillips@example.com,2020-06-02,Munich,A
Jennifer Reed,kellyroberts@example.net,2020-06-03,London,VIP
Amanda Miller,brianrowe@example.org,2020-06-05,Mumbai,B
Robin Torres,mezarichard@example.com,2020-06-06,Manchester,A
Toni Clay,jarvisrachel@example.net,2020-06-06,Chicago,
Jamie Gallagher,rossjohn@example.net,2020-06-06,Vancouver,VIP
David Davidson,angela18@example.org,2020-06-06,Sydney,B
Mercedes Jones,robertsgina@example.net,2020-06-09,London,A
Jordan Powell,greenrichard@example.org,2020-06-13,Melbourne,C
Olivia Rodriguez,stephen39@example.com,2020-06-14,Melbourne,C
Mr. Thomas Thompson,jessicaanderson@example.com,2020-06-14,Paris,A
Cindy Thomas,danielsshaun@example.net,2020-06-14,Munich,C
Briana Wiggins,jamiejohnson@example.com,2020-06-19,Vancouver,C
Shannon Wallace,shelly84@example.net,2020-06-19,Chicago,A
Joshua Smith,davidsellers@example.com,2020-06-22,Sydney,A
Tracy Wang,robinsonnicholas@example.org,2020-06-23,Mumbai,VIP
David Manning,clarkrandy@example.org,2020-06-24,Vancouver,
David Robinson,sandra72@example.com,2020-06-25,Sydney,C
Jennifer Goodwin,harrellkimberly@example.org,2020-06-25,Los Angeles,A
Robert Jackson,iwhite@example.net,2020-06-25,Bangkok,
Emily Douglas,tanderson@example.org,2020-06-27,Chicago,C
Mark Anderson,anthonyalvarado@example.com,2020-07-03,Paris,C
Sean Stevens,smallgina@example.com,2020-07-04,London,B
Michele Hawkins,millertristan@example.com,2020-07-06,Bangkok,C
Yolanda Jackson,craigmartin@example.net,2020-07-10,Melbourne,B
Shannon Thompson,scott04@example.com,2020-07-14,Bangkok,VIP
Roy Fowler,lshannon@example.net,2020-07-18,Melbourne,
Jessica Ross,,2020-07-19,Sydney,A
Miss Kimberly Holloway,susanharper@example.org,2020-07-20,Los Angeles,A
Ryan Garcia,marydean@example.com,2020-07-22,Munich,VIP
Karen Green,zwhite@example.net,2020-07-22,Bangkok,A
Danielle Bryant,janet45@example.com,2020-07-23,Melbourne,VIP
Tyler Dunn,jameslawson@example.com,2020-07-25,New York,C
Stephanie Meyer,hufftina@example.org,2020-07-26,Melbourne,C
Shelby Lopez,christianhendrix@example.com,2020-07-26,Singapore,VIP
Natasha Hill,lpreston@example.net,2020-07-30,Berlin,VIP
Mr. James Barnett,petersonkyle@example.org,2020-07-31,Toronto,C
Meghan Anthony,sheila14@example.org,2020-07-31,Vancouver,A
Joseph Graham,sara76@example.net,2020-08-05,Singapore,
Kristen Smith,john91@example.org,2020-08-07,Sydney,A
Joshua Guerrero,qcurtis@example.com,2020-08-12,Munich,C
Phillip Anderson,clewis@example.com,2020-08-12,Paris,A
Richard Smith,gibsonemily@example.net,2020-08-12,Bangkok,A
John Martin,jessica82@example.com,2020-08-13,Chicago,A
Sean Carter,dudleycody@example.com,2020-08-19,Singapore,VIP
Tracey Nelson,iwalker@example.org,2020-08-19,Melbourne,VIP
James Wells,ashley74@example.org,2020-08-20,Vancouver,C
Vanessa Moore,mwoods@example.com,2020-08-23,New York,B
Misty Mcguire,tracynolan@example.net,2020-08-25,Toronto,VIP
Meredith Black,rtaylor@example.net,2020-08-25,Chicago,
Renee Bruce,lynchdiane@example.net,2020-08-28,Paris,C
Thomas Zhang,middletonelizabeth@example.org,2020-09-04,Manchester,A
Shane Kennedy,fuentesashley@example.com,2020-09-05,Munich,B
William Patterson,nicoleturner@example.com,2020-09-07,Toronto,C
Doris Hall,jacqueline71@example.net,2020-09-09,Singapore,A
Mike Maxwell,lcook@example.com,2020-09-09,Bangkok,VIP
Eric Morgan,kimberly18@example.net,2020-09-10,Melbourne,C
Maurice Anderson,johnmarquez@example.net,2020-09-12,Sydney,A
Tyler Brown,joysanders@example.net,2020-09-13,Berlin,A
Megan Rivera,ithomas@example.net,2020-09-17,Melbourne,C
Connie Stevens,patricialowery@example.com,2020-09-18,Melbourne,
Lisa Spencer,hollandjustin@example.com,2020-09-18,Mumbai,VIP
Brandy Holmes,laurenallen@example.org,2020-09-21,Toronto,A
Wendy Smith,antoniocarter@example.com,2020-09-21,Vancouver,
Tracy Copeland,pbautista@example.com,2020-09-21,Vancouver,A
Gary Myers,robertsonshelby@example.com,2020-09-22,Berlin,C
Heather Levine,bryan90@example.org,2020-09-22,Manchester,C
Bryce Blair,sylvia52@example.org,2020-09-23,London,C
Lee Daniel,santosmichael@example.com,2020-09-25,Bangkok,B
Wayne Porter,stevenhernandez@example.com,2020-09-26,Toronto,A
Jane King,david38@example.net,2020-09-26,New York,B
Katherine Christensen Md,osmith@example.net,2020-09-26,Los Angeles,C
Catherine Kirk,pvang@example.net,2020-09-28,Sydney,A
Kelly Hodges,michellewilson@example.org,2020-09-30,Chicago,
Elizabeth Ward,zowens@example.net,2020-10-02,Melbourne,
Michael Powers,qkim@example.net,2020-10-02,Melbourne,
Austin Rowland,jacqueline31@example.net,2020-10-02,Singapore,C
Anthony Shah,westes@example.org,2020-10-03,Chicago,B
Sharon King,zamorarose@example.net,2020-10-04,Melbourne,A
Benjamin Thompson,zosborn@example.net,2020-10-09,Sydney,B
Austin Jones,mccannkimberly@example.net,2020-10-10,Mumbai,VIP
Stephanie Williams,gregorysmith@example.net,2020-10-12,Paris,A
William Jones,jillwilson@example.org,2020-10-13,Paris,B
Sonya Wilcox,miranda13@example.org,2020-10-15,Manchester,A
Jason Hayes,powellkara@example.net,2020-10-15,Paris,C
Patricia Becker,courtneyberger@example.net,2020-10-19,London,C
Sandy Bennett,jenniferwalls@example.com,2020-10-20,Mumbai,B
Miss Brianna Brown,james80@example.com,2020-10-20,Munich,VIP
David Davis,keyemily@example.com,2020-10-22,Vancouver,
Casey Anderson,alyssa42@example.com,2020-10-24,Vancouver,A
William Gould,kylemartinez@example.net,2020-10-25,Vancouver,VIP
Carl Hunter,psmith@example.net,2020-10-26,London,B
Angela Bradley,ibates@example.org,2020-10-30,Singapore,A
Nathan Kirk,tlewis@example.com,2020-10-31,Singapore,
Carmen Perez,tracy55@example.net,2020-10-31,Los Angeles,C
Laura Ramos,jcarter@example.org,2020-11-01,Mumbai,C
Anita Richard,ryanmorales@example.org,2020-11-02,Munich,
Allison Hubbard,nicolehenry@example.net,2020-11-07,Manchester,C
Michael Martinez,jennifercollins@example.org,2020-11-08,Munich,A
Stanley Taylor,gregory07@example.net,2020-11-08,Berlin,VIP
Laura Benson,xhart@example.org,2020-11-09,Bangkok,C
Travis Vega,victorgonzalez@example.net,2020-11-12,Berlin,VIP
Carmen Moore,,2020-11-13,Sydney,
Joseph Graves,jeffreysimmons@example.org,2020-11-14,New York,VIP
Larry Carter,holmesdiane@example.org,2020-11-18,Sydney,
Anthony Nash,mercedesholland@example.net,2020-11-18,Vancouver,A
Dillon Case,victor60@example.net,2020-11-20,London,B
Jennifer Nelson,adamarmstrong@example.net,2020-11-22,Los Angeles,C
Patrick Swanson,robertbrewer@example.net,2020-11-23,Los Angeles,VIP
Connor West,dwhite@example.org,2020-11-23,Los Angeles,C
Miss Megan Compton,martinreid@example.net,2020-11-24,Toronto,A
Sherry Gibbs,ugordon@example.net,2020-11-27,Vancouver,A
Beverly Black,troybrady@example.net,2020-11-27,Melbourne,VIP
Kimberly Gibson,molly39@example.com,2020-11-28,Berlin,C
Joshua Davis,nicolealvarado@example.com,2020-11-28,Chicago,A
Kyle Gross,lopezrebecca@example.net,2020-11-28,Berlin,A
Dustin Bell,fsawyer@example.org,2020-12-06,London,C
Angel Holland,shawn60@example.com,2020-12-13,Toronto,B
Patricia Bradley,carriemccall@example.net,2020-12-14,Chicago,
Diane Manning,nicholasmedina@example.com,2020-12-14,Vancouver,A
Patricia Alvarado,nzhang@example.net,2020-12-14,Los Angeles,A
Amanda Hernandez,xrush@example.com,2020-12-16,Singapore,
Cynthia Kennedy,marcuscarter@example.org,2020-12-16,Bangkok,VIP
James Turner,noahthornton@example.com,2020-12-20,Los Angeles,VIP
Denise Wolfe,cody95@example.org,2020-12-21,Sydney,
Julie Taylor,aaron48@example.net,2020-12-22,Munich,A
Katherine Wells,johnsonanthony@example.net,2020-12-25,Chicago,A
Paul Cannon,ejenkins@example.net,2020-12-25,Paris,
Kathleen Jimenez,laurie61@example.com,2020-12-26,Singapore,B
Kevin Jennings,jreyes@example.net,2020-12-27,Los Angeles,B
Heather Thomas,sylviaprice@example.com,2020-12-27,Bangkok,B
Kayla Jones,ychristensen@example.net,2021-01-01,Vancouver,
Joseph Moon,,2021-01-02,Melbourne,
Scott Pacheco,collinsterrance@example.com,2021-01-03,Singapore,C
Joseph Bright,mhoffman@example.net,2021-01-03,Singapore,A
Ricardo Franklin,zcortez@example.net,2021-01-04,Berlin,VIP
Shawn Kelley,wisealexandria@example.org,2021-01-07,Vancouver,VIP
Jorge Sharp,tylermcintosh@example.org,2021-01-07,Singapore,VIP
Mark Clark,brian41@example.org,2021-01-07,London,VIP
Michael Wilson,brucefrancisco@example.org,2021-01-07,Sydney,VIP
Patricia Anderson,timothygonzalez@example.com,2021-01-08,London,C
John Lopez,gonzaleschristina@example.net,2021-01-08,London,VIP
Matthew Briggs,proman@example.com,2021-01-11,London,
Crystal Robinson,zimmermanbrian@example.org,2021-01-13,Bangkok,
Kelly King,james03@example.org,2021-01-14,London,A
Abigail Clayton,smithmarcus@example.org,2021-01-15,Mumbai,B
Sarah Ward,,2021-01-15,Berlin,VIP
James Ellis,barrettjoshua@example.net,2021-01-22,Sydney,B
Shannon Malone,sullivannicholas@example.com,2021-01-24,New York,C
Juan Phillips,zgraham@example.org,2021-01-25,Vancouver,B
Stacey Cook,debbie78@example.net,2021-01-26,New York,
Sharon Cochran,erik16@example.org,2021-01-26,Toronto,A
Gilbert Williams,lhicks@example.com,2021-02-03,Sydney,C
Lori Perez,ashleysimmons@example.com,2021-02-03,Sydney,B
Courtney Arias,amberfriedman@example.com,2021-02-04,London,A
Jennifer Moore,christyscott@example.com,2021-02-04,Berlin,B
Ronald Patel,thomas05@example.com,2021-02-04,Munich,VIP
Michael Griffin,susanfleming@example.com,2021-02-04,Los Angeles,VIP
Cindy Hayes,robertwilcox@example.com,2021-02-06,London,C
Brendan Meyer,watkinsthomas@example.net,2021-02-07,Toronto,VIP
Fernando Smith,jason95@example.org,2021-02-08,Melbourne,A
Christina Henry,jeremiah26@example.net,2021-02-08,Chicago,A
Michelle Ho,laurahicks@example.org,2021-02-09,New York,C
Michelle Lee,tyronerobertson@example.com,2021-02-10,Paris,A
Richard Johnston,buckjustin@example.com,2021-02-15,Chicago,C
Amber Bennett,sarahbrooks@example.org,2021-02-16,London,A
Joel Nelson,gabriellecameron@example.org,2021-02-17,Los Angeles,B
Judith Maynard,lutzmelanie@example.com,2021-02-17,Munich,VIP
Stacey Hunt,jennifer83@example.org,2021-02-22,New York,VIP
Jordan Wilson,rhuff@example.com,2021-02-22,Bangkok,VIP
Darryl Christensen,,2021-02-22,Sydney,A
Anne Castillo,watkinsconnie@example.com,2021-02-23,Los Angeles,B
Sonia Reyes,morgandana@example.com,2021-02-25,Manchester,
Pam Baker,ryan25@example.net,2021-02-25,Berlin,VIP
Kristen Lowery,dixonrobert@example.com,2021-02-26,Berlin,B
Linda Thompson,ushelton@example.net,2021-02-26,Berlin,
Michael Jones,jason57@example.com,2021-03-05,Paris,
Maria Fischer,kimberlybrandt@example.com,2021-03-06,Singapore,VIP
Stephanie Butler,williamsthomas@example.net,2021-03-06,Mumbai,A
Jerry Boyd,ashleygarcia@example.org,2021-03-06,Melbourne,VIP
Angela Edwards,ryanlong@example.org,2021-03-06,Manchester,B
Julie Decker,nunezmatthew@example.com,2021-03-09,Mumbai,VIP
Sarah Archer,marygomez@example.com,2021-03-10,Munich,VIP
Mrs. Alison Wagner,richardsondebra@example.org,2021-03-11,London,B
Angel Hawkins,cookjimmy@example.com,2021-03-13,London,
Michael Howard,johnwilliams@example.net,2021-03-15,Mumbai,C
Devin Johnson,anthonycochran@example.com,2021-03-15,Singapore,VIP
Mrs. Katherine Simpson,markduran@example.com,2021-03-19,New York,VIP
Alec Dixon,cruzeddie@example.com,2021-03-19,Paris,A
Heather Atkinson,kenneththomas@example.net,2021-03-19,Singapore,
Mrs. Kimberly Cannon,nfleming@example.net,2021-03-21,Singapore,A
Debbie Rivera,mariawilliams@example.com,2021-03-22,Singapore,
Michael Montgomery,jessica89@example.net,2021-03-22,Manchester,
Daniel Thompson,lisaalvarez@example.net,2021-03-22,Chicago,A
Kevin Marquez,nicoledavis@example.com,2021-03-23,Los Angeles,
Sandra Jones,ichambers@example.net,2021-03-24,Mumbai,B
Phillip Taylor,sandra03@example.com,2021-03-26,London,B
Ryan Gonzalez,ywright@example.net,2021-03-27,Manchester,
Abigail Case,schmittmichael@example.org,2021-03-28,Paris,C
Reginald Williams,zthornton@example.com,2021-03-31,Los Angeles,VIP
Elizabeth Cain,samantha73@example.org,2021-03-31,Sydney,VIP
Vanessa Sanchez,,2021-04-02,New York,C
Karen Mendoza,brittanyholland@example.com,2021-04-02,Melbourne,VIP
Vanessa Smith Dvm,amber09@example.org,2021-04-02,Melbourne,
Toni Hunt,morgan69@example.net,2021-04-10,Singapore,A
Tommy Ramsey,markbates@example.com,2021-04-10,Paris,B
Katherine Cox,richard92@example.com,2021-04-13,Munich,C
Joseph Camacho,parmstrong@example.com,2021-04-17,Berlin,B
Shari Kelley,benjaminwilliams@example.net,2021-04-18,Vancouver,VIP
Adrienne Mills,brooksjamie@example.com,2021-04-18,Sydney,VIP
Melissa Morris,hodgesanna@example.net,2021-04-23,Berlin,B
Christopher Johnson,patrick11@example.org,2021-04-23,Berlin,A
Ray Ramos,,2021-04-24,Manchester,A
Brian Torres,ncook@example.com,2021-04-26,Los Angeles,C
Krista Davis,laradonald@example.org,2021-04-27,Vancouver,B
Claudia Rodriguez,taragonzales@example.com,2021-04-27,Mumbai,C
David Robertson,nicoleburton@example.net,2021-04-27,Munich,A
Edward Terry,ashleystephens@example.com,2021-04-28,Singapore,C
Christina Gomez,jacob32@example.net,2021-04-28,Berlin,B
Isaac Payne,james54@example.com,2021-04-28,Vancouver,VIP
Jeffrey Smith,jamiegoodwin@example.org,2021-05-01,London,C
Cody Walker,charles37@example.org,2021-05-02,Chicago,C
Tracy Jackson,anthony13@example.org,2021-05-04,Toronto,
Michael Anderson,halljohn@example.org,2021-05-04,Singapore,VIP
Jennifer Allen,kimberly67@example.net,2021-05-06,Paris,
Gary Choi,parkerkatie@example.com,2021-05-06,Toronto,B
Curtis Watson,mcclainkatherine@example.net,2021-05-11,Paris,B
Dillon Travis,qmassey@example.org,2021-05-12,Vancouver,B
Aaron Johnson,vincentstacey@example.org,2021-05-14,Bangkok,
Jason Price,aguilarwanda@example.org,2021-05-14,Mumbai,B
Suzanne Johnson,stacey92@example.net,2021-05-16,Melbourne,
Jeremy Barnes,avaughn@example.net,2021-05-16,Munich,VIP
Matthew Crawford,peterlove@example.net,2021-05-18,Bangkok,C
Melissa Elliott,chavezlauren@example.com,2021-05-21,Berlin,C
Kathy Murray,jcontreras@example.net,2021-05-22,Toronto,
Michael Phillips,brittany29@example.com,2021-05-22,Berlin,C
Brian Brown,jenniferhorne@example.net,2021-05-23,Sydney,
Debra Clark,ahale@example.org,2021-05-24,Berlin,B
Patricia Peterson,ryan70@example.net,2021-05-27,Paris,B
Nathaniel Floyd,,2021-05-27,Berlin,VIP
Paige Carlson,wallkenneth@example.com,2021-05-27,Sydney,A
Andre Terrell,,2021-05-28,Munich,A
Mary Riley,hbaker@example.org,2021-06-01,Berlin,A
John Brown,xprice@example.net,2021-06-02,London,C
Ashlee Ross,burnsrodney@example.org,2021-06-03,Munich,VIP
Willie Luna,kathryn17@example.org,2021-06-07,Singapore,B
Alicia Norris,hwallace@example.net,2021-06-08,Bangkok,B
Crystal Pham,danaoliver@example.net,2021-06-11,Paris,B
Joseph Acosta,morrisonnicholas@example.org,2021-06-14,Chicago,VIP
Alexandra Johnson,rachel51@example.org,2021-06-16,New York,VIP
Amanda Huff,eddie35@example.com,2021-06-18,Chicago,VIP
Ashley Holder,martinsarah@example.com,2021-06-19,Vancouver,C
Mrs. Ashley Mendoza,karenhodges@example.com,2021-06-26,Paris,C
Richard Ramirez,reyesmarvin@example.org,2021-06-26,Vancouver,
Robert Taylor,makaylasanders@example.com,2021-06-29,Los Angeles,B
Douglas Watkins,freemanadam@example.com,2021-07-01,Chicago,C
Catherine Huang,lisa01@example.net,2021-07-04,Berlin,C
James Brown,deborah34@example.org,2021-07-08,Sydney,B
Travis Hopkins,jillwebb@example.com,2021-07-08,Singapore,A
Corey Thomas,jensenchristopher@example.org,2021-07-09,Mumbai,
Autumn Key,srocha@example.net,2021-07-09,Vancouver,VIP
Kimberly Patel,johnreed@example.com,2021-07-10,Los Angeles,VIP
Nicholas Beard,christopher88@example.org,2021-07-12,Los Angeles,B
Samuel Suarez,thompsonnancy@example.org,2021-07-14,Manchester,
Teresa Coffey Dds,smithwilliam@example.com,2021-07-17,London,B
Elizabeth Hunter,katie15@example.com,2021-07-17,Bangkok,VIP
Eric Carlson,denisebennett@example.net,2021-07-18,Bangkok,
Sherry Wood,samueldaniels@example.com,2021-07-20,Singapore,C
Adrian Ferguson,brandon08@example.com,2021-07-20,Toronto,C
Daniel Benson,bmueller@example.net,2021-07-20,Toronto,A
Shari Arellano,josephmichael@example.org,2021-07-21,Bangkok,B
Michelle Garcia,jonesjessica@example.com,2021-07-24,Paris,A
Lisa Martinez,kthompson@example.org,2021-07-25,Singapore,A
Mercedes Garcia,,2021-07-26,Chicago,B
Lisa Brown,jonesdonna@example.net,2021-07-29,New York,A
Donald Todd,heathertran@example.com,2021-08-01,Toronto,B
Daniel Taylor,shermandonna@example.com,2021-08-01,Sydney,C
Anthony Brown,cookconnor@example.com,2021-08-02,Berlin,A
Chloe Tran,hughesshannon@example.net,2021-08-03,Berlin,VIP
Elizabeth Sanchez,david89@example.com,2021-08-03,Melbourne,VIP
Jorge Morales,kentmichael@example.com,2021-08-03,Bangkok,C
Cynthia Wilson,bethwilliams@example.org,2021-08-05,Vancouver,VIP
Marie Thompson,jeffrey92@example.com,2021-08-06,Manchester,B
Pamela Thompson,lmoon@example.net,2021-08-09,Singapore,C
Mary Wright,cathyjames@example.com,2021-08-12,Singapore,B
Dalton Soto,wanda35@example.net,2021-08-14,Melbourne,B
Charles Blair,dananelson@example.com,2021-08-16,Berlin,VIP
Jacqueline Munoz,vford@example.net,2021-08-17,Singapore,VIP
Pamela Smith,jasonmoran@example.com,2021-08-17,Berlin,A
Bradley Tran,kimberly04@example.org,2021-08-19,Melbourne,VIP
John Wilson,chunglaura@example.net,2021-08-19,Paris,C
Jennifer Williamson,mhall@example.net,2021-08-20,Los Angeles,VIP
Valerie Sanders,jennifererickson@example.net,2021-08-21,Berlin,
Karina Boone,phines@example.org,2021-08-21,Bangkok,C
Zachary Miller,mendezlori@example.org,2021-08-22,Los Angeles,VIP
Stephanie Malone,,2021-08-25,Singapore,C
Paula Lane,silvageorge@example.net,2021-08-25,Mumbai,A
Ryan Garrison,christophercarrillo@example.org,2021-08-27,Sydney,A
Daniel Anderson,cbrown@example.org,2021-09-01,Los Angeles,VIP
Nathaniel Brown,shannon09@example.org,2021-09-02,Vancouver,C
Michele Waters,woodphillip@example.com,2021-09-03,London,VIP
Daniel Francis,susan24@example.net,2021-09-08,Mumbai,VIP
Emily Rodriguez,hahnsean@example.com,2021-09-09,London,
Timothy Foley,james08@example.net,2021-09-09,New York,B
Miss Kathryn Myers,sherryknight@example.org,2021-09-10,Berlin,A
Charles Russo,sherry07@example.net,2021-09-11,Paris,A
Mr. Joshua Moore,sara39@example.org,2021-09-12,Manchester,
Jeffery Snyder,gregorymitchell@example.net,2021-09-14,Chicago,A
Heather Roberson,alyssa93@example.org,2021-09-16,Vancouver,
Jamie Johnson,swatson@example.org,2021-09-19,Chicago,VIP
Rhonda Gutierrez,angelarandall@example.net,2021-09-19,New York,C
Jessica Scott,jordan72@example.org,2021-09-22,Bangkok,B
Donna Moore,munozglenn@example.org,2021-09-22,Vancouver,B
Brian Brown,martinnovak@example.com,2021-09-23,Bangkok,
Alexander Greene,stanleynina@example.com,2021-09-24,Melbourne,
Phillip Salazar,catherine93@example.net,2021-09-24,Paris,B
Megan Terry,josegibson@example.net,2021-09-27,Singapore,C
Mr. David Rivas,samuel38@example.net,2021-09-29,New York,B
David Mitchell,,2021-10-03,Chicago,VIP
Margaret Orr,levinetina@example.net,2021-10-04,Los Angeles,A
Katelyn Kim,christophermay@example.com,2021-10-06,Mumbai,
Angela Willis,johnsoncaleb@example.net,2021-10-06,Vancouver,C
Jason Munoz,raymond12@example.com,2021-10-12,New York,VIP
William Miller,raymondpugh@example.net,2021-10-12,Singapore,A
Jasmine Browning,qpennington@example.com,2021-10-14,Los Angeles,VIP
Kayla Deleon,caseyhenderson@example.net,2021-10-15,Singapore,A
Tara Holmes,arthurgreene@example.net,2021-10-15,Sydney,VIP
Angela Griffin,christian91@example.org,2021-10-19,Chicago,B
Erik Bartlett Dvm,haileybates@example.org,2021-10-19,Chicago,A
James Hendricks,ebennett@example.net,2021-10-20,Paris,C
Ana Higgins,stacey09@example.com,2021-10-20,Vancouver,C
Michael Lee,max69@example.com,2021-10-21,Berlin,
Angela Yates,pknight@example.org,2021-10-21,Manchester,VIP
Robert Cox,,2021-10-25,Manchester,
John Henry,anna96@example.com,2021-10-25,Mumbai,
Julia Olsen,conleykevin@example.net,2021-10-27,Munich,
Melinda Nelson,christopherjones@example.com,2021-10-30,Paris,B
Michael Lewis,michael03@example.net,2021-10-31,Manchester,
Cynthia Wallace,karen73@example.net,2021-11-01,Berlin,
Harold Ellis,lisamccarthy@example.com,2021-11-01,Bangkok,C
Harold Miranda,penaapril@example.com,2021-11-02,Los Angeles,A
Anthony Cabrera,jeffrey42@example.com,2021-11-02,Singapore,B
Sherry Wang,rmccormick@example.org,2021-11-02,Berlin,C
Edward Brown,qmosley@example.net,2021-11-03,Vancouver,
James Rodriguez,alexandrablankenship@example.net,2021-11-03,Melbourne,
Jesse Edwards,wallaceeric@example.com,2021-11-04,Manchester,C
Courtney Sharp,daniel79@example.net,2021-11-05,Chicago,A
Melissa Garcia,castropeter@example.com,2021-11-05,Singapore,C
Jacob Johnson,hullrobert@example.com,2021-11-05,London,
Richard Neal,olsenshane@example.org,2021-11-06,Melbourne,B
Joel Steele,frank45@example.com,2021-11-07,Manchester,
Mark Cox,kimberly23@example.com,2021-11-07,Melbourne,C
Kimberly Brown,andersenthomas@example.com,2021-11-07,London,B
Deanna Kennedy,kathryn72@example.org,2021-11-07,Berlin,
Oscar Todd,brownnicholas@example.com,2021-11-13,Berlin,VIP
Deborah Meyer,olivia29@example.net,2021-11-19,Berlin,VIP
Matthew Velez,pearsonjesse@example.net,2021-11-21,Vancouver,C
Robert Lopez,bradylisa@example.org,2021-11-23,Melbourne,A
Susan Torres,wrobbins@example.org,2021-11-23,London,
Alexander Freeman,lewiskimberly@example.org,2021-11-23,London,C
Mark Carter,gomeztonya@example.com,2021-11-25,Singapore,C
Jeffrey Edwards,herbertward@example.org,2021-11-29,London,B
Megan Drake,danieldavis@example.org,2021-11-29,Berlin,VIP
Nathaniel Walter,jamietyler@example.com,2021-11-30,Chicago,
Amy James,william32@example.net,2021-12-05,Mumbai,
Austin Robinson,katrina71@example.net,2021-12-06,Berlin,VIP
Michelle Ray,kendraharris@example.org,2021-12-07,Manchester,
Madison Thomas,christopherreyes@example.com,2021-12-07,Sydney,C
Tina Daugherty,ulee@example.net,2021-12-09,Melbourne,
Troy Fowler,,2021-12-09,Sydney,B
Heidi Owen,stephaniethomas@example.net,2021-12-09,Manchester,VIP
Ralph Vasquez,cpierce@example.org,2021-12-10,Sydney,A
Rachael Lynch,colonbobby@example.org,2021-12-11,Los Angeles,B
Jack Barton,rgallegos@example.org,2021-12-11,Manchester,C
Brian Moore,ijones@example.com,2021-12-13,Mumbai,
Kristina Baker,nicholashuffman@example.org,2021-12-15,Bangkok,
Katherine Church,candice96@example.net,2021-12-17,Berlin,VIP
Jeffrey Jordan,ysanford@example.org,2021-12-17,Los Angeles,C
Jeanne Jones,byrderic@example.com,2021-12-19,New York,C
Catherine Davis,amybrennan@example.net,2021-12-20,Bangkok,B
Kimberly Gibson,bgross@example.net,2021-12-22,New York,C
Michael Watkins,brandon69@example.org,2021-12-23,London,C
Amanda Preston,hannah07@example.com,2021-12-26,London,B
Michael Webster,morajamie@example.org,2021-12-27,Munich,VIP
Jonathan Delgado,fitzpatrickelizabeth@example.com,2021-12-29,Sydney,VIP
Tiffany Vaughn,,2021-12-29,Paris,VIP
Jennifer Rocha,ithomas@example.org,2021-12-29,Chicago,C
Charles Hardin,lopezjennifer@example.org,2021-12-30,Toronto,
Walter Obrien,,2021-12-30,Sydney,VIP
Brenda Martin,robertsonjuan@example.org,2022-01-01,Mumbai,
Wyatt Callahan,fperez@example.org,2022-01-01,Mumbai,B
Amy Ferguson,stewartrodney@example.net,2022-01-02,Munich,B
Denise Brown,roysara@example.net,2022-01-03,Chicago,A
George Alvarez,kelleyjose@example.com,2022-01-04,Munich,C
Susan Price,wilsontina@example.com,2022-01-09,London,A
Patricia Harvey,garrettbeth@example.org,2022-01-10,Toronto,B
Ernest Bernard,lambertdevin@example.com,2022-01-11,London,A
Carolyn Bradley,higginsryan@example.com,2022-01-12,London,VIP
Kevin Sullivan,rebeccaarnold@example.net,2022-01-13,Singapore,VIP
Frank Williams,tracy98@example.com,2022-01-15,Berlin,VIP
Aaron Lee,beardlindsey@example.net,2022-01-15,Paris,A
Zachary Bryant,marvin69@example.net,2022-01-16,New York,
Teresa Watkins,harringtonpeter@example.net,2022-01-21,New York,B
Sherry Porter,jorgegonzalez@example.com,2022-01-22,London,
Lori Mason,zhenderson@example.org,2022-01-24,Melbourne,C
Joseph Peterson,connie12@example.com,2022-01-25,Vancouver,VIP
Glenn Scott,,2022-01-25,Mumbai,VIP
Mr. George Booker Dds,browndeanna@example.net,2022-01-26,Vancouver,
Elizabeth Reese,edwin31@example.org,2022-01-30,Sydney,A
Nancy Cook,rachael29@example.net,2022-01-31,Berlin,B
Joshua Gallegos,claudia35@example.org,2022-01-31,Manchester,C
William Griffin,pjacobs@example.net,2022-02-02,Melbourne,VIP
Oscar Cruz,markskristina@example.com,2022-02-06,Melbourne,A
Justin Michael,keith98@example.com,2022-02-08,Munich,A
Megan Green,anthonysullivan@example.com,2022-02-09,London,
Gina Mcmillan,jameshicks@example.net,2022-02-09,London,B
Brandon Sanchez,tracy38@example.com,2022-02-09,Sydney,C
Sarah Ashley,vmedina@example.net,2022-02-09,Vancouver,
Stephen Garcia,andrew43@example.com,2022-02-10,Munich,B
Connie Hamilton,dalton78@example.net,2022-02-13,Los Angeles,A
Heidi Blankenship,talvarez@example.org,2022-02-13,Paris,A
Tyler Davis,jenniferwilliams@example.net,2022-02-15,Vancouver,VIP
Christopher Smith,jamesjackson@example.com,2022-02-21,Bangkok,B
Denise Ford,colton30@example.net,2022-02-21,Sydney,
Nicholas Brooks,oobrien@example.net,2022-02-22,Manchester,VIP
Arthur Mcdaniel,scottlove@example.org,2022-02-23,London,A
Sara Preston,,2022-02-24,Singapore,A
Steven Carter Jr.,carolyn61@example.net,2022-02-25,New York,
Meghan White,nmaxwell@example.org,2022-02-28,Vancouver,C
Kimberly James,swalters@example.net,2022-03-03,Paris,C
Paul Morton,ritteralexis@example.net,2022-03-04,Bangkok,
Ryan Thomas,,2022-03-07,Singapore,VIP
Pamela Hernandez Dvm,jbrown@example.org,2022-03-07,Manchester,
Susan Garcia,shafferdale@example.net,2022-03-13,Bangkok,B
Michelle Chavez,brandi26@example.net,2022-03-15,Mumbai,
Jennifer Smith,karinorton@example.net,2022-03-17,Melbourne,A
Richard Walker,madisonwatson@example.net,2022-03-17,Toronto,
William Cunningham,uwilliams@example.org,2022-03-17,New York,VIP
Amanda Mcfarland,alexis39@example.org,2022-03-18,New York,A
John Russell,robertchase@example.net,2022-03-18,London,
Jeffery Holt,uwillis@example.com,2022-03-20,Vancouver,C
Brandon Jordan,fgarcia@example.com,2022-03-20,Los Angeles,A
Douglas Hartman,daniel93@example.net,2022-03-21,Sydney,VIP
Adam Rivas,andersonkayla@example.com,2022-03-22,Bangkok,C
Michael Wells,tara92@example.net,2022-03-24,Paris,C
Jessica Becker,chavezisabel@example.com,2022-03-24,Los Angeles,B
Jessica Jackson,oblake@example.net,2022-03-26,Toronto,VIP
Susan Cox,rodriguezmichael@example.net,2022-03-26,Sydney,B
Damon Powell,regina49@example.com,2022-03-27,Sydney,A
Beth Kirk,davidkane@example.com,2022-03-27,Toronto,B
Michael Robinson,scottcain@example.org,2022-03-28,Mumbai,B
Tammy Booth,fieldskimberly@example.com,2022-03-30,Mumbai,C
Louis Rogers,jmcfarland@example.com,2022-04-01,New York,C
Laura Adams,ogreer@example.org,2022-04-04,Munich,C
Blake Wu,sanchezcrystal@example.net,2022-04-04,Manchester,B
Cynthia Woods,ubray@example.net,2022-04-05,Vancouver,
Jennifer Gutierrez,amydickson@example.com,2022-04-08,Bangkok,A
Kyle Blake,maryjohnson@example.com,2022-04-09,Berlin,VIP
Tammy Cook,hbutler@example.org,2022-04-11,Chicago,VIP
Jacqueline Christian,kwells@example.org,2022-04-11,Melbourne,C
Amy Farrell,jamesrobinson@example.com,2022-04-11,Toronto,
Andrew Smith,jameshudson@example.com,2022-04-13,Mumbai,B
James Martin,jenniferwilliams@example.com,2022-04-13,Sydney,A
Stephanie Gallagher,umontes@example.org,2022-04-16,New York,B
Jaime Edwards,lstokes@example.com,2022-04-18,London,B
Greg Hull,jessechapman@example.org,2022-04-19,Sydney,C
Jose Vaughan,teresaayala@example.net,2022-04-21,Sydney,B
Victoria Contreras,piercekelly@example.com,2022-04-26,Vancouver,A
William Mueller,gnichols@example.net,2022-05-01,Chicago,
Joseph Blackburn,chanamber@example.org,2022-05-03,Munich,VIP
Barbara Riggs,reedross@example.com,2022-05-04,Munich,
Evelyn Garcia,dgarcia@example.org,2022-05-05,Paris,A
Diane Gilbert,jeremylopez@example.net,2022-05-05,Bangkok,VIP
Erin Daniels,denisecarpenter@example.net,2022-05-06,Paris,VIP
Bradley Anthony,kristen77@example.net,2022-05-06,Manchester,
Mark Lynch,nathanielmartin@example.net,2022-05-06,Manchester,C
Daniel Ferrell,erikamiller@example.org,2022-05-10,Sydney,C
Bethany Robles,marisa87@example.org,2022-05-13,Toronto,A
Bryan Miller,gmay@example.org,2022-05-13,Toronto,VIP
Sara Moore,james10@example.com,2022-05-13,Singapore,A
Vincent Brown,eric33@example.net,2022-05-18,Manchester,VIP
Ronald Johns,elucas@example.net,2022-05-18,Chicago,C
Margaret Sullivan,frobertson@example.com,2022-05-19,Berlin,VIP
Jacqueline Rodriguez,travisunderwood@example.net,2022-05-20,Melbourne,C
Daniel Shaw,daniel32@example.com,2022-05-22,London,C
Tyler White,tina63@example.net,2022-05-23,Mumbai,
Allison Casey,amandadalton@example.net,2022-05-26,Munich,VIP
Carrie Maxwell,epollard@example.net,2022-05-28,Berlin,
Denise Olsen,usmith@example.net,2022-06-01,Chicago,VIP
Brian Christensen,mandypetty@example.com,2022-06-03,Melbourne,C
Amber Campbell,amitchell@example.org,2022-06-04,Berlin,A
Heather Snyder,asteele@example.net,2022-06-05,Mumbai,C
Jake Jackson,smithpaul@example.org,2022-06-05,Mumbai,A
Susan Bennett,desireebailey@example.org,2022-06-07,Chicago,B
Megan Dillon,chelsea33@example.com,2022-06-13,New York,C
Jessica Miller,brooke28@example.net,2022-06-17,Manchester,A
Julie Wilson,whitechristopher@example.com,2022-06-18,Toronto,B
Katherine Browning,lammarc@example.org,2022-06-18,New York,VIP
Dillon Jones,derekcarrillo@example.org,2022-06-20,Singapore,B
Kelly Rivas,dsmith@example.com,2022-06-20,Bangkok,B
Joseph Bentley,christopherward@example.com,2022-06-27,Vancouver,A
Jennifer Turner,karen61@example.net,2022-06-30,Singapore,
Nicole Perez,matthew38@example.org,2022-06-30,Paris,A
Douglas Kline,jonesmegan@example.org,2022-07-01,Sydney,VIP
Rebecca French,olivermatthew@example.org,2022-07-04,Paris,A
Dawn Hall,hensleyvalerie@example.net,2022-07-06,Sydney,A
Jenna Jensen,zpoole@example.net,2022-07-06,Los Angeles,C
Caitlin Smith,rrogers@example.com,2022-07-10,Toronto,B
Donald Harris,tanya97@example.com,2022-07-13,Los Angeles,B
Jamie Duran,villawilliam@example.com,2022-07-16,Berlin,B
Angela Morton,williamsyvette@example.org,2022-07-16,Melbourne,
David Garcia,jennifer12@example.org,2022-07-17,Berlin,
Alexandra Brown,rodriguezelizabeth@example.net,2022-07-17,Toronto,
Carlos Hensley,audrey47@example.org,2022-07-18,Paris,A
Rachael Howard Dds,kcooper@example.net,2022-07-20,Melbourne,B
Teresa Russell,branchthomas@example.com,2022-07-23,Chicago,C
Janice Mccarthy,stonejacob@example.com,2022-07-25,Berlin,C
Vickie Kennedy,,2022-07-29,Paris,
Robert Miller,csolis@example.org,2022-07-29,Chicago,VIP
Mary Grimes,wryan@example.com,2022-07-30,Chicago,B
Penny Gomez Md,aprilmclaughlin@example.org,2022-07-31,Munich,A
Darren Pham,dhardin@example.net,2022-08-01,Los Angeles,C
Glenn Ward,alyssa66@example.net,2022-08-02,New York,
Katie Rivers,dominguezscott@example.com,2022-08-02,Berlin,A
Sarah Lewis,harnold@example.org,2022-08-05,Manchester,VIP
Charles Wright,monique89@example.com,2022-08-06,Paris,VIP
Austin Baker,livingstonstacy@example.com,2022-08-07,Melbourne,A
Jessica Watts,patelgabrielle@example.com,2022-08-09,Singapore,B
Martin Newton,ecohen@example.com,2022-08-09,New York,B
Michelle Smith,brownreginald@example.net,2022-08-11,Sydney,C
Tammy Parsons,tluna@example.net,2022-08-14,Sydney,
Sonya Simmons,veronica30@example.org,2022-08-16,London,A
Michael Cooper,katrinaanderson@example.net,2022-08-16,Munich,C
Jared Howell,katherineharris@example.net,2022-08-18,Sydney,VIP
Brandon Rasmussen,timothy88@example.org,2022-08-19,Sydney,VIP
Jordan Tanner,joseph97@example.org,2022-08-22,Sydney,B
Victoria Garcia,zchandler@example.org,2022-08-23,Sydney,A
Matthew Sanchez,david67@example.net,2022-08-26,New York,B
Brooke Lewis,charleshayes@example.com,2022-08-28,Mumbai,C
Jeffrey Henry,christina93@example.net,2022-08-29,Chicago,C
Joshua Clements,langchristopher@example.net,2022-08-29,Toronto,VIP
Ashley Wilson,amber07@example.net,2022-08-31,Chicago,VIP
Courtney Velasquez,ybailey@example.org,2022-09-01,Singapore,
Leslie Todd,jessica96@example.com,2022-09-02,Manchester,B
Sheila Perez,newmanangela@example.org,2022-09-07,New York,
Tammy Cameron,ganderson@example.org,2022-09-09,Mumbai,VIP
Rodney Baker,qcharles@example.org,2022-09-12,Berlin,A
Robert Byrd,iwoods@example.com,2022-09-12,Melbourne,
Colleen Brock,pwilliams@example.org,2022-09-13,New York,B
Timothy Duncan,esanchez@example.com,2022-09-13,Chicago,B
Renee Hudson,candice25@example.net,2022-09-14,Singapore,
Katherine Frost,xwaller@example.com,2022-09-16,New York,B
Natalie Mullins,megangates@example.com,2022-09-16,Berlin,A
Ashley Brown,mistywilkins@example.org,2022-09-18,Bangkok,A
Whitney Moyer,kristy74@example.net,2022-09-22,London,C
Elizabeth Lee,mollywalter@example.net,2022-09-22,Munich,B
Jeremy Benson,lbradley@example.com,2022-09-24,Los Angeles,A
Kara Black,dsharp@example.com,2022-09-25,Sydney,C
Brian Villa,omorris@example.net,2022-09-26,Mumbai,VIP
Mark Brown,hodgejoshua@example.org,2022-09-26,Chicago,B
David Hanson,timothytate@example.com,2022-09-26,Bangkok,VIP
Teresa Rowland,ejohns@example.org,2022-09-27,Paris,VIP
Dr. John Perkins,clarkpatricia@example.com,2022-09-27,Bangkok,
David Lane,alexanderwise@example.net,2022-09-28,Singapore,C
Wanda Stephens,johnstonjonathan@example.net,2022-10-01,Melbourne,VIP
John Roberts,haleytrevor@example.net,2022-10-02,Sydney,
Chelsey White,anthonycherry@example.org,2022-10-05,Singapore,
Daniel Martin,melissa01@example.org,2022-10-06,Manchester,B
Maria Cruz,danielgriffith@example.net,2022-10-10,Berlin,A
Rebecca Kelly,gregorywatkins@example.net,2022-10-10,Manchester,A
Lisa Dixon,melissabrown@example.net,2022-10-11,Manchester,B
Lauren Daniels,brian97@example.net,2022-10-11,New York,
Willie Edwards,marygarcia@example.com,2022-10-12,Melbourne,C
Laura Meza,xreese@example.net,2022-10-12,Manchester,VIP
Patrick Norris,jeremylove@example.org,2022-10-13,Melbourne,C
Michelle Graham,spearselizabeth@example.net,2022-10-14,Manchester,B
Aaron Munoz,meyerjohn@example.org,2022-10-14,Bangkok,VIP
Karen Tapia,raymond27@example.com,2022-10-14,Paris,A
James Elliott,millerroy@example.com,2022-10-15,Berlin,
Samantha Robertson,cameronmckinney@example.com,2022-10-16,Mumbai,A
Elizabeth Collins,shaffercindy@example.org,2022-10-19,New York,B
Erin Ramirez,meyertiffany@example.net,2022-10-20,Berlin,B
Cindy Barnes,eric45@example.net,2022-10-20,Vancouver,C
Cindy Cole,cherylnorton@example.com,2022-10-20,Vancouver,VIP
Jonathon Hill,mannleroy@example.org,2022-10-21,Los Angeles,A
Brad Beard,jeremy70@example.net,2022-10-22,New York,
Michael Castillo,brooke05@example.org,2022-10-23,Bangkok,A
Matthew Gray,uthompson@example.net,2022-10-24,Berlin,A
Angela Barnett,madison00@example.org,2022-10-25,Los Angeles,A
William Moreno,terrigarcia@example.net,2022-10-28,Chicago,A
Steven Nguyen,jacqueline39@example.net,2022-11-02,Mumbai,
Paul Lane,dbeck@example.com,2022-11-05,Singapore,A
Daniel Gordon,lrichardson@example.org,2022-11-08,Toronto,C
Brittany Peterson,hoconnor@example.com,2022-11-09,Toronto,B
Jacob Obrien,,2022-11-09,Sydney,VIP
Jeffery Collins,courtney01@example.org,2022-11-14,Vancouver,VIP
Lisa Alvarado,cortezkevin@example.com,2022-11-16,Bangkok,VIP
John Campbell,mark87@example.org,2022-11-18,Mumbai,VIP
Dr. Jared Lee Iii,barbaraolsen@example.net,2022-11-21,Sydney,B
Cassandra Roberts,kathryn21@example.com,2022-11-21,Berlin,B
Nathan Watkins,yprice@example.net,2022-11-22,Singapore,B
Danielle Stein,terrywilliam@example.com,2022-11-23,Paris,A
Andrea Goodman,ecamacho@example.com,2022-11-26,New York,C
Edwin Jackson,gmccarthy@example.com,2022-11-27,Manchester,C
Stephen Thompson,mikemorgan@example.org,2022-11-27,Paris,A
Jessica Gaines,jmorrow@example.net,2022-11-27,Bangkok,A
Ashley Cordova,ubaker@example.org,2022-11-28,Singapore,C
Mary Hopkins Md,,2022-11-29,Munich,
Keith Fuller,nicholasliu@example.com,2022-11-30,Los Angeles,
Patricia Johnson,enelson@example.com,2022-11-30,Mumbai,C
Gabrielle Davis,howardmaurice@example.com,2022-11-30,Chicago,
Lynn Ross Md,edwardshah@example.org,2022-12-01,Toronto,
Rebekah Greene,erin07@example.com,2022-12-02,Munich,B
Douglas Lucero,watsonteresa@example.net,2022-12-05,Manchester,B
Shannon Rivera,zroberts@example.net,2022-12-07,Paris,B
Alfred Thomas,twilliams@example.com,2022-12-07,Toronto,
Dustin Welch,mirandadavidson@example.com,2022-12-11,London,C
Kim Goodwin,olsondavid@example.net,2022-12-14,London,A
Brian Mullen,clarkmichael@example.com,2022-12-14,Singapore,B
Jessica Conrad,sbradley@example.org,2022-12-16,London,B
Kenneth Larsen,briansmith@example.org,2022-12-16,Sydney,A
Stephanie Armstrong,petersonfrank@example.org,2022-12-18,Vancouver,
Dr. Diana Chen,yoconnell@example.com,2022-12-19,Chicago,VIP
Lisa Craig,john02@example.org,2022-12-21,Paris,A
Samantha Jacobs,uunderwood@example.com,2022-12-23,London,B
Paula Gentry,zhunter@example.com,2022-12-23,New York,C
Mrs. Stacey Davis,sean43@example.org,2022-12-26,Singapore,B
Linda Patrick,wernermichael@example.org,2022-12-27,Vancouver,VIP
Mason Moore,kchristian@example.org,2022-12-28,Chicago,B
Stacy Church,qwalsh@example.org,2022-12-30,London,VIP
Patrick Snyder,lindseyroberts@example.org,2022-12-30,Toronto,A
Crystal Nguyen,michael40@example.org,2023-01-01,Melbourne,
Nicholas Kelley,shawn00@example.net,2023-01-01,Manchester,B
James Wheeler,gstone@example.net,2023-01-06,Singapore,
Anthony Wong,cartercatherine@example.net,2023-01-06,Singapore,VIP
Yolanda Mccoy,hryan@example.net,2023-01-07,Mumbai,VIP
Brittany Snyder,rachelwalter@example.org,2023-01-09,Bangkok,
Victoria Valdez,contrerasangela@example.net,2023-01-11,Sydney,VIP
Scott Miller,rowejoel@example.net,2023-01-12,Sydney,A
Alicia Gilmore,wwoods@example.com,2023-01-14,Los Angeles,C
Benjamin Rodriguez,david16@example.org,2023-01-14,Melbourne,B
Charlotte Mason,tcastro@example.org,2023-01-15,Sydney,VIP
Karen Williams,cohenjuan@example.net,2023-01-16,Sydney,
James Burgess,kristina53@example.net,2023-01-17,Vancouver,A
Anthony Brown,cwhite@example.com,2023-01-19,Singapore,
John Juarez,bradleylee@example.net,2023-01-20,Vancouver,A
Kelly Cole,ivanjohnson@example.net,2023-01-21,Los Angeles,C
Michelle Munoz,chiggins@example.com,2023-01-23,Melbourne,B
Valerie Thomas,christopher38@example.com,2023-01-23,Melbourne,A
Todd David,shatfield@example.org,2023-01-23,Mumbai,C
Stacy Williams,joneschristian@example.net,2023-01-24,London,A
Samuel Olson,andres97@example.com,2023-01-25,Manchester,B
Andrew Romero,ryan43@example.org,2023-01-28,Munich,C
Wendy Morgan,cannonkimberly@example.net,2023-01-28,London,A
Katherine Campos,albert64@example.net,2023-01-29,Mumbai,VIP
Jasmine Mosley,patrick21@example.net,2023-01-29,Melbourne,C
Jose Rogers,amcdonald@example.com,2023-01-30,Singapore,B
Johnny Jenkins,mary05@example.net,2023-01-31,Munich,A
Edward Nicholson,ewilliams@example.org,2023-02-03,Chicago,A
Norma Smith,david88@example.net,2023-02-04,Manchester,B
Shannon Jones,joshuawashington@example.net,2023-02-07,Los Angeles,A
Robert Wilson,amber40@example.net,2023-02-08,Chicago,B
Andrew Carroll,derek77@example.com,2023-02-11,Manchester,C
Rodney Carter,brownkevin@example.org,2023-02-13,Singapore,B
Andrew Dunn,connersylvia@example.net,2023-02-15,Mumbai,
Michael Rosario,jamesmurphy@example.org,2023-02-15,London,VIP
Mrs. Donna Rice,zbyrd@example.net,2023-02-16,Melbourne,C
Kimberly Burnett,lbrown@example.net,2023-02-16,Manchester,
Bethany Garcia,nguyendebra@example.com,2023-02-18,New York,B
Anthony Dougherty,kwright@example.com,2023-02-21,Mumbai,A
Cheryl Perkins,harrislisa@example.org,2023-02-22,Berlin,B
Joshua Brooks,michael77@example.com,2023-02-23,Sydney,C
Matthew Perez,xbrooks@example.com,2023-02-25,Los Angeles,
Kevin Miles,hamiltonspencer@example.com,2023-03-02,Berlin,VIP
Alejandra Santos,nbell@example.net,2023-03-10,Los Angeles,A
Joseph Jennings,jeffrey44@example.org,2023-03-12,London,C
James Wallace,jamielopez@example.com,2023-03-14,Vancouver,VIP
Alexandra Harper,paul34@example.com,2023-03-15,Melbourne,VIP
Amanda Davis,milleralan@example.org,2023-03-16,Mumbai,
Christopher Garza,wilsonbrooke@example.net,2023-03-18,Mumbai,A
Billy Wallace,youngmark@example.com,2023-03-19,Melbourne,
Brian Clark,kathleen47@example.net,2023-03-20,Chicago,A
James Fowler,rebecca18@example.org,2023-03-20,Singapore,
Michael Evans,sarah10@example.com,2023-03-24,Bangkok,
Mark Garrison,omoore@example.net,2023-03-26,Melbourne,C
Kevin Hall,christopher69@example.org,2023-03-27,London,
Kelly Smith,mcdanielbrooke@example.org,2023-03-27,Manchester,B
Amy Burton,,2023-03-30,Vancouver,VIP
Traci Craig,gregoryrichardson@example.org,2023-03-30,Los Angeles,
Veronica Flores,lauren28@example.net,2023-03-30,Mumbai,VIP
Bridget Hernandez,ygriffith@example.com,2023-03-30,New York,A
Michelle Harris,andrew43@example.org,2023-03-31,London,VIP
Jared Luna,fernandezaaron@example.net,2023-04-02,Mumbai,VIP
Erin Carter,laurenboyd@example.com,2023-04-04,Berlin,C
Travis Strong,reedchad@example.com,2023-04-07,Manchester,A
Shelby Duncan,johnsonedward@example.net,2023-04-08,Los Angeles,VIP
Cassidy Horne,tranrobin@example.net,2023-04-09,Sydney,C
Karen Perez,crosscurtis@example.com,2023-04-09,Singapore,B
Jonathan Rodgers,sjohnson@example.com,2023-04-10,Sydney,B
Shari Sharp,morriskatherine@example.net,2023-04-11,Manchester,
Victoria Guerra,kara01@example.org,2023-04-11,Manchester,
Angela Gonzales,pduran@example.net,2023-04-12,Los Angeles,C
Samantha Davis,darleneharper@example.org,2023-04-12,Munich,C
Melissa Garner,lozanojulie@example.com,2023-04-12,New York,VIP
Lynn Davis,pcurry@example.net,2023-04-14,Singapore,
Destiny Daniel,qjones@example.com,2023-04-14,Berlin,C
Michael Thompson,ocampbell@example.com,2023-04-16,Chicago,C
Mariah Perry,montesmichelle@example.org,2023-04-16,Manchester,
Harold Garrett,wendyirwin@example.com,2023-04-17,Vancouver,
Jill Jackson,flynnjeffrey@example.org,2023-04-18,Chicago,B
Rachael Jones,watsonbrittany@example.org,2023-04-21,London,VIP
Valerie Barnes,jennifer55@example.org,2023-04-24,Munich,B
David Bradley,millertodd@example.org,2023-04-24,Vancouver,B
Mark Dennis,clarkdavid@example.net,2023-04-25,Paris,VIP
Heidi Johnson,kaylarobbins@example.net,2023-04-26,Sydney,
Mary Levy,,2023-04-28,Vancouver,
Ashley Osborne,phillipmorris@example.org,2023-05-01,Bangkok,A
Sheryl Acosta,timothyfreeman@example.com,2023-05-02,Berlin,VIP
Janet Jarvis,richard28@example.org,2023-05-02,Chicago,C
Carl Huffman,wallssean@example.net,2023-05-04,Chicago,C
Kelly Weiss,barbarabrady@example.net,2023-05-11,Sydney,B
Evelyn Pacheco,davisgary@example.com,2023-05-13,London,C
John Bell,ssingleton@example.com,2023-05-16,Vancouver,C
Monica Richardson,mariahill@example.net,2023-05-19,Munich,C
Patty Allen,barrettamber@example.com,2023-05-19,Munich,VIP
Anthony Knapp,rfleming@example.net,2023-05-20,London,VIP
Megan Davis Dds,phill@example.com,2023-05-21,Mumbai,VIP
Jesse Welch,jacob34@example.org,2023-05-22,Los Angeles,
Samuel Roberts,ashleynash@example.org,2023-05-23,Toronto,C
John Williams,durhamwilliam@example.org,2023-05-23,Munich,C
David Rodriguez,brownaustin@example.com,2023-05-23,London,VIP
Justin Lee,montgomerymichelle@example.net,2023-05-24,Paris,VIP
Andrew Mitchell,holmesvictoria@example.com,2023-05-26,Munich,A
Sarah Meadows,boydmichael@example.org,2023-06-03,Bangkok,VIP
Corey Weeks,alexgarcia@example.net,2023-06-04,Chicago,C
James Miller Phd,ryanpatricia@example.net,2023-06-05,Chicago,
Wanda Clark,,2023-06-07,Paris,B
Jason Payne,petersonfaith@example.net,2023-06-10,Munich,VIP
Thomas Pham,,2023-06-10,Paris,C
Cody Jones,juanfranklin@example.net,2023-06-11,Mumbai,B
Jacob Campos,robert24@example.org,2023-06-13,New York,VIP
Joshua Gonzalez,pmiller@example.org,2023-06-14,Los Angeles,C
Robert Burns,kelleycarlos@example.org,2023-06-14,Mumbai,
John Bennett,wmccarthy@example.org,2023-06-15,New York,
Andrew Acosta,robinsonrose@example.org,2023-06-15,Melbourne,C
Katherine Williams,heather77@example.net,2023-06-16,Chicago,VIP
Corey Flowers,perezstacy@example.org,2023-06-17,Paris,B
Kirk Johnson,gary59@example.com,2023-06-19,Bangkok,VIP
Tina Davis,christopher74@example.net,2023-06-20,Toronto,A
Joseph Moody,gallagherstacie@example.net,2023-06-22,Berlin,B
Dorothy Bowman,sara40@example.net,2023-06-25,Berlin,B
Matthew Smith,conwaylori@example.org,2023-06-26,Singapore,VIP
Jennifer Simpson Dvm,nancy04@example.net,2023-06-26,Los Angeles,B
Kimberly Villanueva,,2023-06-26,Los Angeles,C
Todd Rosales Md,lisarivera@example.net,2023-06-29,Vancouver,A
Sarah Solis,ypatterson@example.org,2023-06-30,Toronto,C
Samuel Avila,franciscoreid@example.net,2023-07-01,New York,B
Gail Wilson,davidwalker@example.com,2023-07-02,Vancouver,C
Samuel Williams,jburke@example.org,2023-07-05,Melbourne,A
Mary Gomez,chensley@example.com,2023-07-06,Mumbai,C
Jeremy Martinez,hphillips@example.net,2023-07-07,Mumbai,VIP
Tanya Shannon,amanda21@example.com,2023-07-08,Los Angeles,A
Linda Bautista,daniellegonzales@example.org,2023-07-08,New York,A
Tina Olson,johnjackson@example.net,2023-07-09,Manchester,
Monique Duarte,freemantodd@example.net,2023-07-13,London,VIP
Kathryn Snyder,georgepamela@example.net,2023-07-14,Paris,
Miss Patricia Davidson,edwardstewart@example.org,2023-07-14,Singapore,VIP
Mark Brown,mjones@example.org,2023-07-16,London,
Ashley Parrish,juliahoffman@example.org,2023-07-19,Bangkok,VIP
Carla Hoover,jenniferrodriguez@example.org,2023-07-19,Melbourne,B
Anna Evans,priscilla16@example.net,2023-07-20,Manchester,
Joseph Watson,,2023-07-21,Vancouver,B
Angelica Long,alexis58@example.com,2023-07-24,Manchester,B
Elizabeth Martinez,whernandez@example.net,2023-07-24,London,B
Lisa Reynolds,ywilliams@example.com,2023-07-24,Toronto,A
Eric Hunter,katherine82@example.com,2023-07-26,Toronto,VIP
Luke Reynolds,lbartlett@example.net,2023-07-27,Melbourne,C
Gerald Mcdonald Jr.,hthomas@example.com,2023-08-02,Manchester,
Lisa Beard,tracifoster@example.org,2023-08-02,Singapore,A
Gina Barnes,sfarmer@example.net,2023-08-03,Melbourne,VIP
Lisa Jackson,mitchell21@example.net,2023-08-04,Chicago,A
Craig Mathis,suzanne19@example.net,2023-08-05,Munich,B
Eric Acosta,shannon69@example.com,2023-08-09,Melbourne,VIP
Jessica Glass,jamesbrooks@example.net,2023-08-11,Munich,B
Derrick Johnson,karla66@example.net,2023-08-19,Berlin,
Deanna Griffith,kwoods@example.com,2023-08-22,Manchester,B
Victoria Dixon,katrinarodriguez@example.com,2023-08-22,Singapore,B
Raymond Hall,kpeterson@example.net,2023-08-23,Singapore,VIP
Michelle Greer,gutierrezmatthew@example.com,2023-08-24,Manchester,VIP
Paula Shepherd,jacquelineyoung@example.org,2023-08-24,Manchester,C
Melinda Evans,barkereric@example.com,2023-08-25,Melbourne,C
Kendra Peterson,lindsay25@example.net,2023-08-26,Melbourne,B
Dr. Sharon James,xreid@example.org,2023-08-26,Vancouver,
Kyle Flores,crystal58@example.net,2023-08-27,Berlin,C
Curtis Morgan,donnagiles@example.com,2023-08-27,Paris,A
Christine Watson,barryyoung@example.com,2023-08-27,Chicago,B
Andrea Hartman,susan57@example.net,2023-08-28,Chicago,VIP
Natalie Juarez,colemanjonathan@example.org,2023-08-29,Melbourne,VIP
Heather Bolton,danielle01@example.net,2023-08-31,Berlin,VIP
Brett Owen,welchkristen@example.net,2023-09-01,London,C
Mary Johnson,sharon95@example.com,2023-09-06,Chicago,B
Eddie Adams,cnelson@example.com,2023-09-07,Los Angeles,B
Angela Wade,michelle10@example.org,2023-09-07,Melbourne,A
Hannah Martin,savannahgrant@example.com,2023-09-08,Chicago,B
Jacqueline Villegas,carpenterwilliam@example.net,2023-09-14,Toronto,VIP
Lisa Cohen,martintamara@example.org,2023-09-16,Mumbai,VIP
Kyle Davis,nshepherd@example.org,2023-09-17,London,A
Krista Barber,michael43@example.net,2023-09-18,Chicago,VIP
Christopher Bradley,wilsonmatthew@example.com,2023-09-18,Singapore,C
Caroline Edwards,jenniferdavidson@example.com,2023-09-25,Berlin,C
Anthony Velasquez,janet65@example.com,2023-09-28,Paris,
Traci Camacho,susan08@example.net,2023-09-29,Singapore,C
Lisa Mcknight,jonessamantha@example.com,2023-10-01,Toronto,VIP
Helen Strickland,owright@example.org,2023-10-02,Vancouver,B
Ralph Lee,ericphillips@example.org,2023-10-02,Berlin,A
Lauren Anthony,ymitchell@example.com,2023-10-03,Vancouver,B
Carlos Heath,,2023-10-05,Chicago,C
Justin Webb,becky62@example.net,2023-10-11,Manchester,VIP
Diane Martinez,oacosta@example.org,2023-10-11,Berlin,A
Clifford Cannon,hernandezalan@example.net,2023-10-12,Munich,C
Connor Walsh,cherryjulie@example.net,2023-10-12,Sydney,B
Samuel Phillips,andrea23@example.org,2023-10-14,Chicago,
Barbara Lewis,marcus06@example.net,2023-10-18,Vancouver,VIP
Brittany Barnett,hmitchell@example.org,2023-10-20,Berlin,VIP
Tanya Clark,mariolee@example.com,2023-10-22,Manchester,A
David Hayes Dvm,aliciathompson@example.com,2023-10-26,Bangkok,A
Danielle Phillips,eandrade@example.org,2023-10-27,Mumbai,VIP
Jennifer Pena,charlesharrington@example.com,2023-10-28,Vancouver,A
Linda Burns,hickmannatasha@example.com,2023-10-29,Munich,A
Andrew Ford,rwheeler@example.org,2023-10-30,Berlin,A
Taylor Stein,dhall@example.net,2023-11-01,Munich,VIP
Alfred Leonard,taylormichael@example.net,2023-11-04,Melbourne,
Deborah Juarez,mcarson@example.org,2023-11-06,London,C
Anthony Hayes,marilyn67@example.net,2023-11-07,Paris,A
Christopher Park,sandra50@example.org,2023-11-07,Paris,B
Jeremy Mcintyre,wfigueroa@example.net,2023-11-09,Melbourne,
Tonya Ellis,bmosley@example.com,2023-11-10,New York,
Laura Acosta,shannon75@example.com,2023-11-15,Vancouver,
Stephanie Dominguez,dhanson@example.net,2023-11-15,Paris,VIP
Jason Beck,millsmichael@example.net,2023-11-17,Chicago,VIP
Francisco Estrada,meganjames@example.org,2023-11-18,London,C
Michelle Butler,welchjennifer@example.net,2023-11-18,Manchester,C
Alexandra Green,kennethjohnson@example.net,2023-11-20,Chicago,A
Erica Richard,rhill@example.net,2023-11-20,Singapore,B
Shannon Medina,bhess@example.com,2023-11-20,Chicago,
Tyler Mcdonald,davidsmith@example.net,2023-11-21,Bangkok,C
Lorraine Gibbs,aarongonzalez@example.com,2023-11-21,Paris,VIP
Eric Rosales,ncruz@example.net,2023-11-22,Los Angeles,A
Robin Cabrera,villamiranda@example.com,2023-11-23,Vancouver,B
Denise French,,2023-11-24,New York,A
Matthew Le,megan90@example.org,2023-11-24,Paris,
Kenneth Farmer,,2023-11-25,Vancouver,C
Sarah Pittman,kellyruiz@example.net,2023-11-26,Singapore,VIP
Charles Morales,figueroapatricia@example.org,2023-11-29,Sydney,B
Kim Martinez,karroyo@example.com,2023-11-29,Melbourne,
Rachel Chan,jeremy47@example.com,2023-11-29,Bangkok,A
Sarah Robinson,collinsjavier@example.org,2023-11-30,Chicago,B
Kyle Nguyen,shortgregory@example.com,2023-11-30,Vancouver,A
Zachary Mccarthy,nwelch@example.com,2023-12-01,Manchester,A
Kimberly Adams,cdouglas@example.org,2023-12-01,Manchester,VIP
Kimberly Matthews,nicolepena@example.com,2023-12-06,Melbourne,VIP
Heather Brown,brobinson@example.org,2023-12-07,Paris,A
Tammy Schultz,sdavis@example.com,2023-12-07,Vancouver,B
Rebecca Martin,williamsleslie@example.org,2023-12-07,London,
William Walker Dvm,michael95@example.org,2023-12-07,Melbourne,VIP
Tiffany Peterson,sandra57@example.org,2023-12-08,Paris,B
Miguel Parks,tinasantos@example.org,2023-12-15,Berlin,VIP
Brian Moore,christopherjackson@example.net,2023-12-15,Paris,B
Jennifer Ayers,williamadams@example.net,2023-12-16,New York,C
Scott Porter,,2023-12-16,Sydney,B
Preston Kim,bshort@example.com,2023-12-17,Chicago,C
Christina Williams,rjimenez@example.com,2023-12-19,Toronto,
Arthur Roberts,omatthews@example.net,2023-12-21,Munich,C
James Wilson,maychristine@example.net,2023-12-21,Melbourne,B
Kelli Shepard,qbutler@example.net,2023-12-24,Singapore,VIP
Christopher Moore,omullen@example.com,2023-12-24,Bangkok,B
James Martinez,,2023-12-29,New York,
Samuel Rivas,ramirezshannon@example.com,2024-01-03,London,VIP
Jennifer Sampson,gbraun@example.org,2024-01-04,New York,B
Mr. Ralph Dawson,angelica33@example.net,2024-01-07,Toronto,
William Wood,,2024-01-09,Los Angeles,
Kimberly Rodgers,stanleynancy@example.net,2024-01-16,Los Angeles,B
Antonio Small,goodmanalice@example.org,2024-01-16,Berlin,A
Zachary Wilkinson,munozrobert@example.com,2024-01-17,Mumbai,C
Jaime Fischer,crystal32@example.net,2024-01-17,Chicago,C
Sheryl Buck,dpeters@example.com,2024-01-22,Melbourne,VIP
Scott Fuller,jeromeanderson@example.org,2024-01-23,Chicago,A
Shari Parker,russellstout@example.org,2024-01-25,Melbourne,A
Michael Melton,,2024-01-25,New York,
Sarah Davis,jasonrodriguez@example.com,2024-02-01,Singapore,B
Eric Cross,lroberts@example.org,2024-02-03,Munich,B
Robert Mckay,chamilton@example.com,2024-02-04,Sydney,C
Judy Robinson,erica96@example.net,2024-02-06,Melbourne,A
Thomas Bailey,peter64@example.com,2024-02-07,Mumbai,VIP
Brian Simmons,jose86@example.net,2024-02-10,Berlin,B
Zachary Morrison,john76@example.com,2024-02-11,New York,B
Bradley Reynolds,lisa80@example.net,2024-02-13,Berlin,B
Rachel Hill,jamesparker@example.net,2024-02-17,Singapore,C
Breanna Jimenez,sullivanchristina@example.net,2024-02-18,Vancouver,
Brent Hopkins,conleydavid@example.org,2024-02-19,Paris,B
Hector Anderson,vgarcia@example.com,2024-02-21,Toronto,VIP
Michael Burton,terrykevin@example.net,2024-02-22,Toronto,B
Juan Smith,james73@example.net,2024-02-22,Singapore,
Eddie Mueller,stevenvargas@example.com,2024-02-25,Vancouver,A
Martin Hughes,nicole52@example.com,2024-02-26,Melbourne,B
Richard Lyons,brooke22@example.net,2024-02-26,Vancouver,B
Frank Armstrong,mmathews@example.net,2024-02-27,New York,B
Jennifer Barnes,danamontgomery@example.org,2024-03-02,Sydney,A
Cynthia Rios,smiththomas@example.org,2024-03-03,Los Angeles,VIP
Victoria Frost,kimberlyrussell@example.net,2024-03-04,Chicago,A
Sandra Dawson,fcastro@example.net,2024-03-05,Toronto,
Sarah Taylor,asmith@example.org,2024-03-06,Bangkok,VIP
Michele Lewis,heather73@example.org,2024-03-07,Sydney,VIP
Jesus Flores,corythompson@example.org,2024-03-09,Bangkok,A
Jeffery Taylor,nwilson@example.com,2024-03-10,Manchester,B
Douglas Mack,matthew24@example.com,2024-03-12,Vancouver,B
Alicia Martin,lisa11@example.org,2024-03-15,New York,
Melissa Russell,davidphillips@example.net,2024-03-16,Berlin,
Sherry Brewer,claire06@example.net,2024-03-16,Berlin,C
Sarah Mcfarland,hbrown@example.org,2024-03-16,Chicago,VIP
Audrey Reyes,andersonhenry@example.org,2024-03-17,Vancouver,
Ashley Jones,calvin93@example.org,2024-03-18,Paris,B
Christine Arroyo,dcortez@example.com,2024-03-19,Melbourne,
Richard Hays,noblechristina@example.org,2024-03-20,Sydney,C
Frances Cardenas,emilywalker@example.org,2024-03-21,Singapore,VIP
Erin Mason,allenphillip@example.com,2024-03-24,London,A
Arthur Pena,busherica@example.net,2024-03-24,New York,VIP
Tamara Roberts,foxlinda@example.org,2024-03-29,Vancouver,
Eileen Gutierrez,andersonmeghan@example.net,2024-03-30,New York,B
Melissa Grant,lpearson@example.org,2024-03-30,New York,VIP
Kevin Anderson,bstrickland@example.com,2024-04-01,Vancouver,A
Christina Myers,meyerskathryn@example.com,2024-04-01,Chicago,
Allison Love,millerbrian@example.com,2024-04-02,Los Angeles,A
Shane Edwards,jbuchanan@example.com,2024-04-04,Mumbai,
Leah Jacobs,debraclark@example.com,2024-04-06,Paris,A
Daniel Edwards,shelby69@example.org,2024-04-07,Manchester,B
Zachary Brooks,florescory@example.net,2024-04-11,Sydney,
Julie Perry,,2024-04-11,Mumbai,VIP
Frank Campbell Md,ashleewashington@example.com,2024-04-12,London,
Candice Ramirez,michael12@example.net,2024-04-12,Manchester,A
Michelle Miller,,2024-04-12,Toronto,B
Brittany Brown,fjohnson@example.com,2024-04-18,Vancouver,B
Richard Johnson,jessica14@example.com,2024-04-19,Sydney,A
David Grant,yobrien@example.net,2024-04-25,Paris,A
Jeanette Butler,laura29@example.org,2024-04-26,Melbourne,VIP
James Chapman,cameronwilliams@example.com,2024-04-26,New York,VIP
Craig Morrison,thompsonkendra@example.com,2024-04-28,Sydney,B
Adam Guerra,lhernandez@example.com,2024-05-03,Bangkok,
Sarah Bishop,markblack@example.com,2024-05-03,Paris,VIP
John Blair,andrew22@example.com,2024-05-03,Berlin,B
Lisa Haynes,grivas@example.net,2024-05-05,Berlin,B
Brett Keith,florescynthia@example.org,2024-05-05,Los Angeles,
Heather Morales,jenniferwilson@example.com,2024-05-07,London,VIP
Adam Daniels,lawsonpaul@example.org,2024-05-08,Chicago,
Sarah Wallace,gonzalessteven@example.com,2024-05-10,Singapore,A
James Miller,daniel15@example.org,2024-05-10,Vancouver,VIP
Donna Cabrera,barbara53@example.com,2024-05-12,Sydney,A
Jessica Holmes,wrightcaleb@example.org,2024-05-12,Munich,VIP
Erik James,collinsbrittany@example.org,2024-05-21,Bangkok,B
Joel Davis,imcdonald@example.com,2024-05-22,Manchester,
Jason Chaney,jimmy80@example.org,2024-05-23,London,C
Karen Bradley,mathew46@example.org,2024-05-24,Berlin,A
William Ramos,joseph69@example.net,2024-05-25,Chicago,
Angela George,ascott@example.net,2024-05-30,Singapore,C
Sonya Miranda,ashley14@example.org,2024-06-01,Los Angeles,A
Tara Miranda,schneidernicholas@example.net,2024-06-03,Sydney,B
Brenda Gray,danielblack@example.org,2024-06-04,New York,
Eric Clark,kathrynroberts@example.org,2024-06-04,Berlin,B
Julie Spencer,colelisa@example.net,2024-06-05,Toronto,B
Norma Myers Dds,justin38@example.com,2024-06-08,Melbourne,
Lynn Adams,edwardselizabeth@example.net,2024-06-10,New York,A
Samuel Ortega,wpatrick@example.net,2024-06-10,Melbourne,VIP
Fernando Mcconnell,smejia@example.net,2024-06-12,Munich,C
Felicia Williams,johnmunoz@example.com,2024-06-13,Munich,
Luis Powell,johnsonjessica@example.org,2024-06-14,Bangkok,
Bianca Velazquez,cheryl98@example.net,2024-06-16,Singapore,B
Robert Beck,zhughes@example.com,2024-06-21,Los Angeles,C
Nichole Vasquez,dlivingston@example.org,2024-06-22,Singapore,VIP
Kelly Jackson,kimberlygarcia@example.net,2024-06-24,Chicago,A
Brenda Alexander,bradley03@example.org,2024-06-25,London,A
Wanda Jefferson,johnathandavis@example.com,2024-06-25,Paris,C
Erin Cook,kevinmorrison@example.net,2024-06-25,Munich,A
Jeffery Fitzgerald,kennethkidd@example.com,2024-06-27,,C
Angela Powell,kmills@example.org,2024-06-28,Manchester,A
Laura Lewis,oadams@example.net,2024-07-01,Melbourne,
Travis Wise,debra96@example.net,2024-07-11,Vancouver,
